"Result","U:0","U:1","U:2","T","T_0","vtkValidPointMask","arc_length","Points:0","Points:1","Points:2"
2.98283e-33,1.00000e-01,1.90872e-37,-0.00000e+00,1.00000e+00,1.00000e+00,1,0.00000e+00,0.00000e+00,9.55615e-01,0.00000e+00
-6.75050e-02,9.88723e-02,-3.62552e-06,-5.18224e-26,9.34796e-01,9.34796e-01,1,3.82246e-02,3.82246e-02,9.55615e-01,0.00000e+00
-1.41239e-01,9.59677e-02,-5.35932e-06,-2.87143e-26,8.68408e-01,8.68408e-01,1,7.64492e-02,7.64492e-02,9.55615e-01,0.00000e+00
-2.22432e-01,9.13871e-02,-7.12389e-06,1.65960e-26,8.00716e-01,8.00716e-01,1,1.14674e-01,1.14674e-01,9.55615e-01,0.00000e+00
-3.10933e-01,8.50865e-02,-3.11911e-06,7.96659e-26,7.32890e-01,7.32890e-01,1,1.52898e-01,1.52898e-01,9.55615e-01,0.00000e+00
-4.08993e-01,7.68460e-02,2.09119e-06,4.49611e-27,6.64350e-01,6.64350e-01,1,1.91123e-01,1.91123e-01,9.55615e-01,0.00000e+00
-5.18752e-01,6.65194e-02,4.98350e-06,8.54398e-26,5.95394e-01,5.95394e-01,1,2.29348e-01,2.29348e-01,9.55615e-01,0.00000e+00
-6.42162e-01,5.43485e-02,5.25828e-06,2.95887e-25,5.26370e-01,5.26370e-01,1,2.67572e-01,2.67572e-01,9.55615e-01,0.00000e+00
-7.81899e-01,4.08863e-02,7.59224e-06,-1.31526e-24,4.57694e-01,4.57694e-01,1,3.05797e-01,3.05797e-01,9.55615e-01,0.00000e+00
-9.44599e-01,2.69173e-02,5.92430e-06,9.10732e-25,3.88958e-01,3.88958e-01,1,3.44021e-01,3.44021e-01,9.55615e-01,0.00000e+00
-1.13768e+00,1.40374e-02,3.53730e-06,4.69045e-25,3.20872e-01,3.20872e-01,1,3.82246e-01,3.82246e-01,9.55615e-01,0.00000e+00
-1.38338e+00,3.88809e-03,1.83102e-06,-2.91756e-24,2.50827e-01,2.50827e-01,1,4.20471e-01,4.20471e-01,9.55615e-01,0.00000e+00
nan,nan,nan,nan,nan,nan,0,4.58695e-01,4.58695e-01,9.55615e-01,0.00000e+00
nan,nan,nan,nan,nan,nan,0,4.96920e-01,4.96920e-01,9.55615e-01,0.00000e+00
nan,nan,nan,nan,nan,nan,0,5.35144e-01,5.35144e-01,9.55615e-01,0.00000e+00
nan,nan,nan,nan,nan,nan,0,5.73369e-01,5.73369e-01,9.55615e-01,0.00000e+00
nan,nan,nan,nan,nan,nan,0,6.11594e-01,6.11594e-01,9.55615e-01,0.00000e+00
nan,nan,nan,nan,nan,nan,0,6.49818e-01,6.49818e-01,9.55615e-01,0.00000e+00
nan,nan,nan,nan,nan,nan,0,6.88043e-01,6.88043e-01,9.55615e-01,0.00000e+00
nan,nan,nan,nan,nan,nan,0,7.26267e-01,7.26267e-01,9.55615e-01,0.00000e+00
nan,nan,nan,nan,nan,nan,0,7.64492e-01,7.64492e-01,9.55615e-01,0.00000e+00
nan,nan,nan,nan,nan,nan,0,8.02717e-01,8.02717e-01,9.55615e-01,0.00000e+00
nan,nan,nan,nan,nan,nan,0,8.40941e-01,8.40941e-01,9.55615e-01,0.00000e+00
nan,nan,nan,nan,nan,nan,0,8.79166e-01,8.79166e-01,9.55615e-01,0.00000e+00
nan,nan,nan,nan,nan,nan,0,9.17390e-01,9.17390e-01,9.55615e-01,0.00000e+00
nan,nan,nan,nan,nan,nan,0,9.55615e-01,9.55615e-01,9.55615e-01,0.00000e+00
nan,nan,nan,nan,nan,nan,0,9.93840e-01,9.93840e-01,9.55615e-01,0.00000e+00
nan,nan,nan,nan,nan,nan,0,1.03206e+00,1.03206e+00,9.55615e-01,0.00000e+00
nan,nan,nan,nan,nan,nan,0,1.07029e+00,1.07029e+00,9.55615e-01,0.00000e+00
nan,nan,nan,nan,nan,nan,0,1.10851e+00,1.10851e+00,9.55615e-01,0.00000e+00
nan,nan,nan,nan,nan,nan,0,1.14674e+00,1.14674e+00,9.55615e-01,0.00000e+00
nan,nan,nan,nan,nan,nan,0,1.18496e+00,1.18496e+00,9.55615e-01,0.00000e+00
nan,nan,nan,nan,nan,nan,0,1.22319e+00,1.22319e+00,9.55615e-01,0.00000e+00
nan,nan,nan,nan,nan,nan,0,1.26141e+00,1.26141e+00,9.55615e-01,0.00000e+00
nan,nan,nan,nan,nan,nan,0,1.29964e+00,1.29964e+00,9.55615e-01,0.00000e+00
nan,nan,nan,nan,nan,nan,0,1.33786e+00,1.33786e+00,9.55615e-01,0.00000e+00
nan,nan,nan,nan,nan,nan,0,1.37609e+00,1.37609e+00,9.55615e-01,0.00000e+00
nan,nan,nan,nan,nan,nan,0,1.41431e+00,1.41431e+00,9.55615e-01,0.00000e+00
nan,nan,nan,nan,nan,nan,0,1.45253e+00,1.45253e+00,9.55615e-01,0.00000e+00
-8.16989e+00,4.49354e-03,-2.86426e-06,-4.64128e-24,2.83119e-04,2.83119e-04,1,1.49076e+00,1.49076e+00,9.55615e-01,0.00000e+00
-7.98606e+00,1.61376e-02,-5.50940e-06,-4.30865e-25,3.40315e-04,3.40315e-04,1,1.52898e+00,1.52898e+00,9.55615e-01,0.00000e+00
-7.87414e+00,3.09642e-02,-9.04572e-06,-1.98674e-26,3.80488e-04,3.80488e-04,1,1.56721e+00,1.56721e+00,9.55615e-01,0.00000e+00
-7.80779e+00,4.72437e-02,-1.17701e-05,-2.87244e-25,4.06567e-04,4.06567e-04,1,1.60543e+00,1.60543e+00,9.55615e-01,0.00000e+00
-7.77429e+00,6.32578e-02,-9.71082e-06,-2.04205e-26,4.20409e-04,4.20409e-04,1,1.64366e+00,1.64366e+00,9.55615e-01,0.00000e+00
-7.76492e+00,7.81406e-02,-1.05564e-05,-2.21279e-25,4.24362e-04,4.24362e-04,1,1.68188e+00,1.68188e+00,9.55615e-01,0.00000e+00
-7.77477e+00,9.12065e-02,-7.79531e-06,-3.29710e-25,4.20204e-04,4.20204e-04,1,1.72011e+00,1.72011e+00,9.55615e-01,0.00000e+00
-7.80032e+00,1.02014e-01,-1.44411e-06,4.35648e-25,4.09615e-04,4.09615e-04,1,1.75833e+00,1.75833e+00,9.55615e-01,0.00000e+00
-7.83809e+00,1.10490e-01,4.14101e-06,-4.44638e-25,3.94440e-04,3.94440e-04,1,1.79656e+00,1.79656e+00,9.55615e-01,0.00000e+00
-7.88691e+00,1.16653e-01,1.64737e-06,1.44239e-25,3.75655e-04,3.75655e-04,1,1.83478e+00,1.83478e+00,9.55615e-01,0.00000e+00
-7.94499e+00,1.20376e-01,8.08931e-07,-4.14860e-26,3.54455e-04,3.54455e-04,1,1.87301e+00,1.87301e+00,9.55615e-01,0.00000e+00
-8.01179e+00,1.21658e-01,1.20858e-06,5.74898e-25,3.31530e-04,3.31530e-04,1,1.91123e+00,1.91123e+00,9.55615e-01,0.00000e+00
-8.08696e+00,1.20384e-01,8.37165e-07,-9.56840e-25,3.07552e-04,3.07552e-04,1,1.94945e+00,1.94945e+00,9.55615e-01,0.00000e+00
-8.16868e+00,1.16661e-01,-1.27845e-06,1.02279e-24,2.83442e-04,2.83442e-04,1,1.98768e+00,1.98768e+00,9.55615e-01,0.00000e+00
-8.25753e+00,1.10503e-01,-3.90718e-06,-2.12531e-25,2.59355e-04,2.59355e-04,1,2.02590e+00,2.02590e+00,9.55615e-01,0.00000e+00
-8.35316e+00,1.02029e-01,1.65667e-06,-1.51000e-25,2.35698e-04,2.35698e-04,1,2.06413e+00,2.06413e+00,9.55615e-01,0.00000e+00
-8.45774e+00,9.12238e-02,8.22661e-06,1.94259e-25,2.12262e-04,2.12262e-04,1,2.10235e+00,2.10235e+00,9.55615e-01,0.00000e+00
-8.57332e+00,7.81611e-02,1.09055e-05,2.55697e-25,1.89129e-04,1.89129e-04,1,2.14058e+00,2.14058e+00,9.55615e-01,0.00000e+00
-8.70184e+00,6.32771e-02,1.01767e-05,1.38390e-25,1.66352e-04,1.66352e-04,1,2.17880e+00,2.17880e+00,9.55615e-01,0.00000e+00
-8.84599e+00,4.72605e-02,1.22523e-05,-8.32004e-25,1.44009e-04,1.44009e-04,1,2.21703e+00,2.21703e+00,9.55615e-01,0.00000e+00
-9.01240e+00,3.09788e-02,9.57983e-06,1.47024e-24,1.21929e-04,1.21929e-04,1,2.25525e+00,2.25525e+00,9.55615e-01,0.00000e+00
-9.20845e+00,1.61454e-02,5.87167e-06,-1.92023e-24,1.00288e-04,1.00288e-04,1,2.29348e+00,2.29348e+00,9.55615e-01,0.00000e+00
-9.45631e+00,4.49626e-03,3.02865e-06,2.53642e-24,7.82247e-05,7.82247e-05,1,2.33170e+00,2.33170e+00,9.55615e-01,0.00000e+00
nan,nan,nan,nan,nan,nan,0,2.36993e+00,2.36993e+00,9.55615e-01,0.00000e+00
nan,nan,nan,nan,nan,nan,0,2.40815e+00,2.40815e+00,9.55615e-01,0.00000e+00
nan,nan,nan,nan,nan,nan,0,2.44637e+00,2.44637e+00,9.55615e-01,0.00000e+00
nan,nan,nan,nan,nan,nan,0,2.48460e+00,2.48460e+00,9.55615e-01,0.00000e+00
nan,nan,nan,nan,nan,nan,0,2.52282e+00,2.52282e+00,9.55615e-01,0.00000e+00
nan,nan,nan,nan,nan,nan,0,2.56105e+00,2.56105e+00,9.55615e-01,0.00000e+00
nan,nan,nan,nan,nan,nan,0,2.59927e+00,2.59927e+00,9.55615e-01,0.00000e+00
nan,nan,nan,nan,nan,nan,0,2.63750e+00,2.63750e+00,9.55615e-01,0.00000e+00
nan,nan,nan,nan,nan,nan,0,2.67572e+00,2.67572e+00,9.55615e-01,0.00000e+00
nan,nan,nan,nan,nan,nan,0,2.71395e+00,2.71395e+00,9.55615e-01,0.00000e+00
nan,nan,nan,nan,nan,nan,0,2.75217e+00,2.75217e+00,9.55615e-01,0.00000e+00
nan,nan,nan,nan,nan,nan,0,2.79040e+00,2.79040e+00,9.55615e-01,0.00000e+00
nan,nan,nan,nan,nan,nan,0,2.82862e+00,2.82862e+00,9.55615e-01,0.00000e+00
nan,nan,nan,nan,nan,nan,0,2.86685e+00,2.86685e+00,9.55615e-01,0.00000e+00
nan,nan,nan,nan,nan,nan,0,2.90507e+00,2.90507e+00,9.55615e-01,0.00000e+00
nan,nan,nan,nan,nan,nan,0,2.94329e+00,2.94329e+00,9.55615e-01,0.00000e+00
nan,nan,nan,nan,nan,nan,0,2.98152e+00,2.98152e+00,9.55615e-01,0.00000e+00
nan,nan,nan,nan,nan,nan,0,3.01974e+00,3.01974e+00,9.55615e-01,0.00000e+00
nan,nan,nan,nan,nan,nan,0,3.05797e+00,3.05797e+00,9.55615e-01,0.00000e+00
nan,nan,nan,nan,nan,nan,0,3.09619e+00,3.09619e+00,9.55615e-01,0.00000e+00
nan,nan,nan,nan,nan,nan,0,3.13442e+00,3.13442e+00,9.55615e-01,0.00000e+00
nan,nan,nan,nan,nan,nan,0,3.17264e+00,3.17264e+00,9.55615e-01,0.00000e+00
nan,nan,nan,nan,nan,nan,0,3.21087e+00,3.21087e+00,9.55615e-01,0.00000e+00
nan,nan,nan,nan,nan,nan,0,3.24909e+00,3.24909e+00,9.55615e-01,0.00000e+00
nan,nan,nan,nan,nan,nan,0,3.28732e+00,3.28732e+00,9.55615e-01,0.00000e+00
nan,nan,nan,nan,nan,nan,0,3.32554e+00,3.32554e+00,9.55615e-01,0.00000e+00
nan,nan,nan,nan,nan,nan,0,3.36377e+00,3.36377e+00,9.55615e-01,0.00000e+00
-1.63303e+01,4.49342e-03,-2.92874e-06,4.99788e-24,8.08958e-08,8.08958e-08,1,3.40199e+00,3.40199e+00,9.55615e-01,0.00000e+00
-1.61468e+01,1.61382e-02,-5.81894e-06,-1.40400e-24,9.72079e-08,9.72079e-08,1,3.44021e+00,3.44021e+00,9.55615e-01,0.00000e+00
-1.60353e+01,3.09653e-02,-9.15385e-06,1.68071e-24,1.08636e-07,1.08636e-07,1,3.47844e+00,3.47844e+00,9.55615e-01,0.00000e+00
-1.59695e+01,4.72456e-02,-1.19943e-05,-1.38080e-24,1.16021e-07,1.16021e-07,1,3.51666e+00,3.51666e+00,9.55615e-01,0.00000e+00
-1.59366e+01,6.32591e-02,-1.00036e-05,3.44177e-25,1.19896e-07,1.19896e-07,1,3.55489e+00,3.55489e+00,9.55615e-01,0.00000e+00
-1.59280e+01,7.81437e-02,-1.07325e-05,-3.03849e-26,1.20939e-07,1.20939e-07,1,3.59311e+00,3.59311e+00,9.55615e-01,0.00000e+00
-1.59386e+01,9.12076e-02,-7.92216e-06,4.98030e-25,1.19661e-07,1.19661e-07,1,3.63134e+00,3.63134e+00,9.55615e-01,0.00000e+00
-1.59650e+01,1.02015e-01,-1.65561e-06,-4.52840e-25,1.16547e-07,1.16547e-07,1,3.66956e+00,3.66956e+00,9.55615e-01,0.00000e+00
-1.60037e+01,1.10492e-01,4.04669e-06,1.27162e-25,1.12127e-07,1.12127e-07,1,3.70779e+00,3.70779e+00,9.55615e-01,0.00000e+00
-1.60535e+01,1.16653e-01,1.55173e-06,-7.62820e-25,1.06683e-07,1.06683e-07,1,3.74601e+00,3.74601e+00,9.55615e-01,0.00000e+00
-1.61126e+01,1.20377e-01,7.28055e-07,7.84762e-25,1.00557e-07,1.00557e-07,1,3.78424e+00,3.78424e+00,9.55615e-01,0.00000e+00
-1.61805e+01,1.21658e-01,1.13159e-06,-3.11842e-25,9.39489e-08,9.39489e-08,1,3.82246e+00,3.82246e+00,9.55615e-01,0.00000e+00
-1.62569e+01,1.20383e-01,7.57023e-07,-3.08631e-25,8.70522e-08,8.70522e-08,1,3.86068e+00,3.86068e+00,9.55615e-01,0.00000e+00
-1.63397e+01,1.16661e-01,-1.36662e-06,7.83676e-25,8.01346e-08,8.01346e-08,1,3.89891e+00,3.89891e+00,9.55615e-01,0.00000e+00
-1.64298e+01,1.10503e-01,-4.02125e-06,3.38510e-25,7.32381e-08,7.32381e-08,1,3.93713e+00,3.93713e+00,9.55615e-01,0.00000e+00
-1.65266e+01,1.02030e-01,1.63994e-06,-2.21519e-25,6.64800e-08,6.64800e-08,1,3.97536e+00,3.97536e+00,9.55615e-01,0.00000e+00
-1.66323e+01,9.12236e-02,8.15595e-06,-1.84331e-25,5.97999e-08,5.97999e-08,1,4.01358e+00,4.01358e+00,9.55615e-01,0.00000e+00
-1.67490e+01,7.81611e-02,1.08006e-05,3.71685e-26,5.32235e-08,5.32235e-08,1,4.05181e+00,4.05181e+00,9.55615e-01,0.00000e+00
-1.68786e+01,6.32771e-02,1.01247e-05,-1.34516e-25,4.67642e-08,4.67642e-08,1,4.09003e+00,4.09003e+00,9.55615e-01,0.00000e+00
-1.70237e+01,4.72611e-02,1.21045e-05,-1.82688e-24,4.04442e-08,4.04442e-08,1,4.12826e+00,4.12826e+00,9.55615e-01,0.00000e+00
-1.71910e+01,3.09765e-02,9.42714e-06,5.54545e-24,3.42127e-08,3.42127e-08,1,4.16648e+00,4.16648e+00,9.55615e-01,0.00000e+00
-1.73877e+01,1.61447e-02,5.94076e-06,-6.39271e-24,2.81213e-08,2.81213e-08,1,4.20471e+00,4.20471e+00,9.55615e-01,0.00000e+00
-1.76361e+01,4.49439e-03,3.02490e-06,8.00238e-24,2.19227e-08,2.19227e-08,1,4.24293e+00,4.24293e+00,9.55615e-01,0.00000e+00
nan,nan,nan,nan,nan,nan,0,4.28116e+00,4.28116e+00,9.55615e-01,0.00000e+00
nan,nan,nan,nan,nan,nan,0,4.31938e+00,4.31938e+00,9.55615e-01,0.00000e+00
nan,nan,nan,nan,nan,nan,0,4.35760e+00,4.35760e+00,9.55615e-01,0.00000e+00
nan,nan,nan,nan,nan,nan,0,4.39583e+00,4.39583e+00,9.55615e-01,0.00000e+00
nan,nan,nan,nan,nan,nan,0,4.43405e+00,4.43405e+00,9.55615e-01,0.00000e+00
nan,nan,nan,nan,nan,nan,0,4.47228e+00,4.47228e+00,9.55615e-01,0.00000e+00
nan,nan,nan,nan,nan,nan,0,4.51050e+00,4.51050e+00,9.55615e-01,0.00000e+00
nan,nan,nan,nan,nan,nan,0,4.54873e+00,4.54873e+00,9.55615e-01,0.00000e+00
nan,nan,nan,nan,nan,nan,0,4.58695e+00,4.58695e+00,9.55615e-01,0.00000e+00
nan,nan,nan,nan,nan,nan,0,4.62518e+00,4.62518e+00,9.55615e-01,0.00000e+00
nan,nan,nan,nan,nan,nan,0,4.66340e+00,4.66340e+00,9.55615e-01,0.00000e+00
nan,nan,nan,nan,nan,nan,0,4.70163e+00,4.70163e+00,9.55615e-01,0.00000e+00
nan,nan,nan,nan,nan,nan,0,4.73985e+00,4.73985e+00,9.55615e-01,0.00000e+00
nan,nan,nan,nan,nan,nan,0,4.77808e+00,4.77808e+00,9.55615e-01,0.00000e+00
nan,nan,nan,nan,nan,nan,0,4.81630e+00,4.81630e+00,9.55615e-01,0.00000e+00
nan,nan,nan,nan,nan,nan,0,4.85452e+00,4.85452e+00,9.55615e-01,0.00000e+00
nan,nan,nan,nan,nan,nan,0,4.89275e+00,4.89275e+00,9.55615e-01,0.00000e+00
nan,nan,nan,nan,nan,nan,0,4.93097e+00,4.93097e+00,9.55615e-01,0.00000e+00
nan,nan,nan,nan,nan,nan,0,4.96920e+00,4.96920e+00,9.55615e-01,0.00000e+00
nan,nan,nan,nan,nan,nan,0,5.00742e+00,5.00742e+00,9.55615e-01,0.00000e+00
nan,nan,nan,nan,nan,nan,0,5.04565e+00,5.04565e+00,9.55615e-01,0.00000e+00
nan,nan,nan,nan,nan,nan,0,5.08387e+00,5.08387e+00,9.55615e-01,0.00000e+00
nan,nan,nan,nan,nan,nan,0,5.12210e+00,5.12210e+00,9.55615e-01,0.00000e+00
nan,nan,nan,nan,nan,nan,0,5.16032e+00,5.16032e+00,9.55615e-01,0.00000e+00
nan,nan,nan,nan,nan,nan,0,5.19855e+00,5.19855e+00,9.55615e-01,0.00000e+00
nan,nan,nan,nan,nan,nan,0,5.23677e+00,5.23677e+00,9.55615e-01,0.00000e+00
nan,nan,nan,nan,nan,nan,0,5.27499e+00,5.27499e+00,9.55615e-01,0.00000e+00
-2.47546e+01,4.49401e-03,-2.80604e-06,-4.04817e-24,1.77550e-11,1.77550e-11,1,5.31322e+00,5.31322e+00,9.55615e-01,0.00000e+00
-2.45745e+01,1.61399e-02,-5.56989e-06,1.45801e-24,2.12613e-11,2.12613e-11,1,5.35144e+00,5.35144e+00,9.55615e-01,0.00000e+00
-2.44676e+01,3.09663e-02,-9.06953e-06,8.03259e-25,2.36530e-11,2.36530e-11,1,5.38967e+00,5.38967e+00,9.55615e-01,0.00000e+00
-2.44074e+01,4.72471e-02,-1.17398e-05,3.26344e-27,2.51202e-11,2.51202e-11,1,5.42789e+00,5.42789e+00,9.55615e-01,0.00000e+00
-2.43809e+01,6.32609e-02,-9.79224e-06,3.27450e-25,2.57948e-11,2.57948e-11,1,5.46612e+00,5.46612e+00,9.55615e-01,0.00000e+00
-2.43792e+01,7.81447e-02,-1.05014e-05,1.00649e-26,2.58361e-11,2.58361e-11,1,5.50434e+00,5.50434e+00,9.55615e-01,0.00000e+00
-2.43976e+01,9.12081e-02,-7.87617e-06,-3.35790e-26,2.53674e-11,2.53674e-11,1,5.54257e+00,5.54257e+00,9.55615e-01,0.00000e+00
-2.44322e+01,1.02016e-01,-1.34468e-06,-3.53559e-25,2.45043e-11,2.45043e-11,1,5.58079e+00,5.58079e+00,9.55615e-01,0.00000e+00
-2.44797e+01,1.10493e-01,4.38752e-06,2.73665e-25,2.33697e-11,2.33697e-11,1,5.61902e+00,5.61902e+00,9.55615e-01,0.00000e+00
-2.45388e+01,1.16654e-01,2.05945e-06,3.95074e-25,2.20287e-11,2.20287e-11,1,5.65724e+00,5.65724e+00,9.55615e-01,0.00000e+00
-2.46077e+01,1.20380e-01,1.46573e-06,-6.02575e-25,2.05621e-11,2.05621e-11,1,5.69547e+00,5.69547e+00,9.55615e-01,0.00000e+00
-2.46861e+01,1.21652e-01,1.49086e-06,1.67732e-25,1.90083e-11,1.90083e-11,1,5.73369e+00,5.73369e+00,9.55615e-01,0.00000e+00
-2.47726e+01,1.20387e-01,5.04688e-07,-3.68922e-25,1.74366e-11,1.74366e-11,1,5.77191e+00,5.77191e+00,9.55615e-01,0.00000e+00
-2.48660e+01,1.16661e-01,-1.38325e-06,7.31259e-25,1.58829e-11,1.58829e-11,1,5.81014e+00,5.81014e+00,9.55615e-01,0.00000e+00
-2.49666e+01,1.10503e-01,-3.97078e-06,4.61017e-25,1.43640e-11,1.43640e-11,1,5.84836e+00,5.84836e+00,9.55615e-01,0.00000e+00
-2.50737e+01,1.02029e-01,1.78918e-06,-7.43073e-25,1.29045e-11,1.29045e-11,1,5.88659e+00,5.88659e+00,9.55615e-01,0.00000e+00
-2.51895e+01,9.12234e-02,8.13122e-06,3.42872e-25,1.14907e-11,1.14907e-11,1,5.92481e+00,5.92481e+00,9.55615e-01,0.00000e+00
-2.53160e+01,7.81604e-02,1.10305e-05,1.10902e-25,1.01284e-11,1.01284e-11,1,5.96304e+00,5.96304e+00,9.55615e-01,0.00000e+00
-2.54547e+01,6.32749e-02,1.03150e-05,-7.79806e-25,8.81848e-12,8.81848e-12,1,6.00126e+00,6.00126e+00,9.55615e-01,0.00000e+00
-2.56081e+01,4.72594e-02,1.23124e-05,4.39065e-25,7.56355e-12,7.56355e-12,1,6.03949e+00,6.03949e+00,9.55615e-01,0.00000e+00
-2.57827e+01,3.09751e-02,9.44965e-06,1.19704e-24,6.35167e-12,6.35167e-12,1,6.07771e+00,6.07771e+00,9.55615e-01,0.00000e+00
-2.59853e+01,1.61434e-02,6.04525e-06,1.55503e-24,5.19027e-12,5.19027e-12,1,6.11594e+00,6.11594e+00,9.55615e-01,0.00000e+00
-2.62379e+01,4.49438e-03,3.07391e-06,-4.28353e-24,4.02893e-12,4.02893e-12,1,6.15416e+00,6.15416e+00,9.55615e-01,0.00000e+00
nan,nan,nan,nan,nan,nan,0,6.19239e+00,6.19239e+00,9.55615e-01,0.00000e+00
nan,nan,nan,nan,nan,nan,0,6.23061e+00,6.23061e+00,9.55615e-01,0.00000e+00
nan,nan,nan,nan,nan,nan,0,6.26883e+00,6.26883e+00,9.55615e-01,0.00000e+00
nan,nan,nan,nan,nan,nan,0,6.30706e+00,6.30706e+00,9.55615e-01,0.00000e+00
nan,nan,nan,nan,nan,nan,0,6.34528e+00,6.34528e+00,9.55615e-01,0.00000e+00
nan,nan,nan,nan,nan,nan,0,6.38351e+00,6.38351e+00,9.55615e-01,0.00000e+00
nan,nan,nan,nan,nan,nan,0,6.42173e+00,6.42173e+00,9.55615e-01,0.00000e+00
nan,nan,nan,nan,nan,nan,0,6.45996e+00,6.45996e+00,9.55615e-01,0.00000e+00
nan,nan,nan,nan,nan,nan,0,6.49818e+00,6.49818e+00,9.55615e-01,0.00000e+00
nan,nan,nan,nan,nan,nan,0,6.53641e+00,6.53641e+00,9.55615e-01,0.00000e+00
nan,nan,nan,nan,nan,nan,0,6.57463e+00,6.57463e+00,9.55615e-01,0.00000e+00
nan,nan,nan,nan,nan,nan,0,6.61286e+00,6.61286e+00,9.55615e-01,0.00000e+00
nan,nan,nan,nan,nan,nan,0,6.65108e+00,6.65108e+00,9.55615e-01,0.00000e+00
nan,nan,nan,nan,nan,nan,0,6.68931e+00,6.68931e+00,9.55615e-01,0.00000e+00
nan,nan,nan,nan,nan,nan,0,6.72753e+00,6.72753e+00,9.55615e-01,0.00000e+00
nan,nan,nan,nan,nan,nan,0,6.76575e+00,6.76575e+00,9.55615e-01,0.00000e+00
nan,nan,nan,nan,nan,nan,0,6.80398e+00,6.80398e+00,9.55615e-01,0.00000e+00
nan,nan,nan,nan,nan,nan,0,6.84220e+00,6.84220e+00,9.55615e-01,0.00000e+00
nan,nan,nan,nan,nan,nan,0,6.88043e+00,6.88043e+00,9.55615e-01,0.00000e+00
nan,nan,nan,nan,nan,nan,0,6.91865e+00,6.91865e+00,9.55615e-01,0.00000e+00
nan,nan,nan,nan,nan,nan,0,6.95688e+00,6.95688e+00,9.55615e-01,0.00000e+00
nan,nan,nan,nan,nan,nan,0,6.99510e+00,6.99510e+00,9.55615e-01,0.00000e+00
nan,nan,nan,nan,nan,nan,0,7.03333e+00,7.03333e+00,9.55615e-01,0.00000e+00
nan,nan,nan,nan,nan,nan,0,7.07155e+00,7.07155e+00,9.55615e-01,0.00000e+00
nan,nan,nan,nan,nan,nan,0,7.10978e+00,7.10978e+00,9.55615e-01,0.00000e+00
nan,nan,nan,nan,nan,nan,0,7.14800e+00,7.14800e+00,9.55615e-01,0.00000e+00
nan,nan,nan,nan,nan,nan,0,7.18622e+00,7.18622e+00,9.55615e-01,0.00000e+00
-3.42263e+01,4.49554e-03,-2.88079e-06,1.16575e-23,1.36708e-15,1.36708e-15,1,7.22445e+00,7.22445e+00,9.55615e-01,0.00000e+00
-3.40545e+01,1.61394e-02,-5.58740e-06,-1.54203e-24,1.62350e-15,1.62350e-15,1,7.26267e+00,7.26267e+00,9.55615e-01,0.00000e+00
-3.39583e+01,3.09684e-02,-9.32563e-06,-8.56784e-25,1.78692e-15,1.78692e-15,1,7.30090e+00,7.30090e+00,9.55615e-01,0.00000e+00
-3.39111e+01,4.72465e-02,-1.20088e-05,9.36951e-26,1.87326e-15,1.87326e-15,1,7.33912e+00,7.33912e+00,9.55615e-01,0.00000e+00
-3.38992e+01,6.32608e-02,-9.95050e-06,6.81469e-26,1.89563e-15,1.89563e-15,1,7.37735e+00,7.37735e+00,9.55615e-01,0.00000e+00
-3.39137e+01,7.81448e-02,-1.06953e-05,-1.30184e-25,1.86835e-15,1.86835e-15,1,7.41557e+00,7.41557e+00,9.55615e-01,0.00000e+00
-3.39494e+01,9.12085e-02,-8.02092e-06,1.64978e-25,1.80289e-15,1.80289e-15,1,7.45380e+00,7.45380e+00,9.55615e-01,0.00000e+00
-3.40025e+01,1.02016e-01,-1.43081e-06,-6.87926e-25,1.70974e-15,1.70974e-15,1,7.49202e+00,7.49202e+00,9.55615e-01,0.00000e+00
-3.40694e+01,1.10493e-01,4.22384e-06,3.02254e-25,1.59927e-15,1.59927e-15,1,7.53025e+00,7.53025e+00,9.55615e-01,0.00000e+00
-3.41490e+01,1.16654e-01,1.93694e-06,1.36567e-25,1.47684e-15,1.47684e-15,1,7.56847e+00,7.56847e+00,9.55615e-01,0.00000e+00
-3.42393e+01,1.20381e-01,1.35672e-06,-3.20371e-25,1.34933e-15,1.34933e-15,1,7.60670e+00,7.60670e+00,9.55615e-01,0.00000e+00
-3.43401e+01,1.21652e-01,1.38737e-06,-3.97228e-25,1.21977e-15,1.21977e-15,1,7.64492e+00,7.64492e+00,9.55615e-01,0.00000e+00
-3.44493e+01,1.20387e-01,4.14747e-07,1.08807e-24,1.09382e-15,1.09382e-15,1,7.68315e+00,7.68315e+00,9.55615e-01,0.00000e+00
-3.45657e+01,1.16661e-01,-1.49075e-06,-4.33222e-25,9.73822e-16,9.73822e-16,1,7.72137e+00,7.72137e+00,9.55615e-01,0.00000e+00
-3.46892e+01,1.10502e-01,-4.07368e-06,2.44919e-25,8.60720e-16,8.60720e-16,1,7.75959e+00,7.75959e+00,9.55615e-01,0.00000e+00
-3.48188e+01,1.02028e-01,1.57701e-06,1.24873e-27,7.56038e-16,7.56038e-16,1,7.79782e+00,7.79782e+00,9.55615e-01,0.00000e+00
-3.49568e+01,9.12226e-02,8.01161e-06,2.87601e-26,6.58408e-16,6.58408e-16,1,7.83604e+00,7.83604e+00,9.55615e-01,0.00000e+00
-3.51046e+01,7.81572e-02,1.08422e-05,1.38409e-25,5.68105e-16,5.68105e-16,1,7.87427e+00,7.87427e+00,9.55615e-01,0.00000e+00
-3.52635e+01,6.32739e-02,1.00409e-05,-2.94333e-25,4.84789e-16,4.84789e-16,1,7.91249e+00,7.91249e+00,9.55615e-01,0.00000e+00
-3.54353e+01,4.72577e-02,1.21082e-05,8.74402e-26,4.08174e-16,4.08174e-16,1,7.95072e+00,7.95072e+00,9.55615e-01,0.00000e+00
-3.56262e+01,3.09743e-02,9.36689e-06,1.24424e-24,3.37225e-16,3.37225e-16,1,7.98894e+00,7.98894e+00,9.55615e-01,0.00000e+00
-3.58420e+01,1.61426e-02,5.76864e-06,-1.06218e-25,2.71957e-16,2.71957e-16,1,8.02717e+00,8.02717e+00,9.55615e-01,0.00000e+00
-3.61043e+01,4.49391e-03,3.02006e-06,9.01176e-25,2.09059e-16,2.09059e-16,1,8.06539e+00,8.06539e+00,9.55615e-01,0.00000e+00
nan,nan,nan,nan,nan,nan,0,8.10362e+00,8.10362e+00,9.55615e-01,0.00000e+00
nan,nan,nan,nan,nan,nan,0,8.14184e+00,8.14184e+00,9.55615e-01,0.00000e+00
nan,nan,nan,nan,nan,nan,0,8.18007e+00,8.18007e+00,9.55615e-01,0.00000e+00
nan,nan,nan,nan,nan,nan,0,8.21829e+00,8.21829e+00,9.55615e-01,0.00000e+00
nan,nan,nan,nan,nan,nan,0,8.25651e+00,8.25651e+00,9.55615e-01,0.00000e+00
nan,nan,nan,nan,nan,nan,0,8.29474e+00,8.29474e+00,9.55615e-01,0.00000e+00
nan,nan,nan,nan,nan,nan,0,8.33296e+00,8.33296e+00,9.55615e-01,0.00000e+00
nan,nan,nan,nan,nan,nan,0,8.37119e+00,8.37119e+00,9.55615e-01,0.00000e+00
nan,nan,nan,nan,nan,nan,0,8.40941e+00,8.40941e+00,9.55615e-01,0.00000e+00
nan,nan,nan,nan,nan,nan,0,8.44764e+00,8.44764e+00,9.55615e-01,0.00000e+00
nan,nan,nan,nan,nan,nan,0,8.48586e+00,8.48586e+00,9.55615e-01,0.00000e+00
nan,nan,nan,nan,nan,nan,0,8.52409e+00,8.52409e+00,9.55615e-01,0.00000e+00
nan,nan,nan,nan,nan,nan,0,8.56231e+00,8.56231e+00,9.55615e-01,0.00000e+00
nan,nan,nan,nan,nan,nan,0,8.60054e+00,8.60054e+00,9.55615e-01,0.00000e+00
nan,nan,nan,nan,nan,nan,0,8.63876e+00,8.63876e+00,9.55615e-01,0.00000e+00
nan,nan,nan,nan,nan,nan,0,8.67698e+00,8.67698e+00,9.55615e-01,0.00000e+00
nan,nan,nan,nan,nan,nan,0,8.71521e+00,8.71521e+00,9.55615e-01,0.00000e+00
nan,nan,nan,nan,nan,nan,0,8.75343e+00,8.75343e+00,9.55615e-01,0.00000e+00
nan,nan,nan,nan,nan,nan,0,8.79166e+00,8.79166e+00,9.55615e-01,0.00000e+00
nan,nan,nan,nan,nan,nan,0,8.82988e+00,8.82988e+00,9.55615e-01,0.00000e+00
nan,nan,nan,nan,nan,nan,0,8.86811e+00,8.86811e+00,9.55615e-01,0.00000e+00
nan,nan,nan,nan,nan,nan,0,8.90633e+00,8.90633e+00,9.55615e-01,0.00000e+00
nan,nan,nan,nan,nan,nan,0,8.94456e+00,8.94456e+00,9.55615e-01,0.00000e+00
nan,nan,nan,nan,nan,nan,0,8.98278e+00,8.98278e+00,9.55615e-01,0.00000e+00
nan,nan,nan,nan,nan,nan,0,9.02101e+00,9.02101e+00,9.55615e-01,0.00000e+00
nan,nan,nan,nan,nan,nan,0,9.05923e+00,9.05923e+00,9.55615e-01,0.00000e+00
nan,nan,nan,nan,nan,nan,0,9.09746e+00,9.09746e+00,9.55615e-01,0.00000e+00
-4.53708e+01,4.49583e-03,-2.78069e-06,-2.58537e-24,1.97603e-20,1.97603e-20,1,9.13568e+00,9.13568e+00,9.55615e-01,0.00000e+00
-4.52094e+01,1.61408e-02,-5.40521e-06,6.62927e-25,2.32227e-20,2.32227e-20,1,9.17390e+00,9.17390e+00,9.55615e-01,0.00000e+00
-4.51267e+01,3.09685e-02,-9.10344e-06,7.74551e-25,2.52201e-20,2.52201e-20,1,9.21213e+00,9.21213e+00,9.55615e-01,0.00000e+00
-4.50956e+01,4.72489e-02,-1.17145e-05,-1.22430e-24,2.60159e-20,2.60159e-20,1,9.25035e+00,9.25035e+00,9.55615e-01,0.00000e+00
-4.51018e+01,6.32618e-02,-9.76850e-06,6.63574e-25,2.58557e-20,2.58557e-20,1,9.28858e+00,9.28858e+00,9.55615e-01,0.00000e+00
-4.51360e+01,7.81444e-02,-1.05614e-05,-5.92880e-27,2.49858e-20,2.49858e-20,1,9.32680e+00,9.32680e+00,9.55615e-01,0.00000e+00
-4.51928e+01,9.12105e-02,-7.90964e-06,1.34037e-25,2.36052e-20,2.36052e-20,1,9.36503e+00,9.36503e+00,9.55615e-01,0.00000e+00
-4.52684e+01,1.02018e-01,-1.37554e-06,-1.98956e-25,2.18910e-20,2.18910e-20,1,9.40325e+00,9.40325e+00,9.55615e-01,0.00000e+00
-4.53587e+01,1.10494e-01,4.29425e-06,6.13416e-25,2.00025e-20,2.00025e-20,1,9.44148e+00,9.44148e+00,9.55615e-01,0.00000e+00
-4.54632e+01,1.16656e-01,1.96467e-06,-3.20642e-25,1.80188e-20,1.80188e-20,1,9.47970e+00,9.47970e+00,9.55615e-01,0.00000e+00
-4.55792e+01,1.20382e-01,1.37099e-06,-7.53483e-25,1.60436e-20,1.60436e-20,1,9.51793e+00,9.51793e+00,9.55615e-01,0.00000e+00
-4.57070e+01,1.21654e-01,1.39560e-06,3.19147e-25,1.41160e-20,1.41160e-20,1,9.55615e+00,9.55615e+00,9.55615e-01,0.00000e+00
-4.58437e+01,1.20390e-01,4.23734e-07,5.98098e-25,1.23154e-20,1.23154e-20,1,9.59437e+00,9.59437e+00,9.55615e-01,0.00000e+00
-4.59880e+01,1.16665e-01,-1.46797e-06,-5.75820e-25,1.06631e-20,1.06631e-20,1,9.63260e+00,9.63260e+00,9.55615e-01,0.00000e+00
-4.61397e+01,1.10506e-01,-4.04628e-06,7.58709e-25,9.16314e-21,9.16314e-21,1,9.67082e+00,9.67082e+00,9.55615e-01,0.00000e+00
-4.62972e+01,1.02034e-01,1.59794e-06,-6.53198e-25,7.82725e-21,7.82725e-21,1,9.70905e+00,9.70905e+00,9.55615e-01,0.00000e+00
-4.64629e+01,9.12292e-02,8.16215e-06,-7.83363e-26,6.62946e-21,6.62946e-21,1,9.74727e+00,9.74727e+00,9.55615e-01,0.00000e+00
-4.66378e+01,7.81645e-02,1.08521e-05,-1.32178e-25,5.56800e-21,5.56800e-21,1,9.78550e+00,9.78550e+00,9.55615e-01,0.00000e+00
-4.68225e+01,6.32820e-02,1.01110e-05,-3.78663e-25,4.63039e-21,4.63039e-21,1,9.82372e+00,9.82372e+00,9.55615e-01,0.00000e+00
-4.70184e+01,4.72669e-02,1.20961e-05,4.69007e-26,3.80588e-21,3.80588e-21,1,9.86195e+00,9.86195e+00,9.55615e-01,0.00000e+00
-4.72307e+01,3.09820e-02,9.50846e-06,-1.99624e-24,3.07728e-21,3.07728e-21,1,9.90017e+00,9.90017e+00,9.55615e-01,0.00000e+00
-4.74643e+01,1.61480e-02,5.76957e-06,3.25352e-24,2.43835e-21,2.43835e-21,1,9.93840e+00,9.93840e+00,9.55615e-01,0.00000e+00
-4.77396e+01,4.49557e-03,3.01715e-06,5.68535e-25,1.84987e-21,1.84987e-21,1,9.97662e+00,9.97662e+00,9.55615e-01,0.00000e+00
nan,nan,nan,nan,nan,nan,0,1.00148e+01,1.00148e+01,9.55615e-01,0.00000e+00
nan,nan,nan,nan,nan,nan,0,1.00531e+01,1.00531e+01,9.55615e-01,0.00000e+00
nan,nan,nan,nan,nan,nan,0,1.00913e+01,1.00913e+01,9.55615e-01,0.00000e+00
nan,nan,nan,nan,nan,nan,0,1.01295e+01,1.01295e+01,9.55615e-01,0.00000e+00
nan,nan,nan,nan,nan,nan,0,1.01677e+01,1.01677e+01,9.55615e-01,0.00000e+00
nan,nan,nan,nan,nan,nan,0,1.02060e+01,1.02060e+01,9.55615e-01,0.00000e+00
nan,nan,nan,nan,nan,nan,0,1.02442e+01,1.02442e+01,9.55615e-01,0.00000e+00
nan,nan,nan,nan,nan,nan,0,1.02824e+01,1.02824e+01,9.55615e-01,0.00000e+00
nan,nan,nan,nan,nan,nan,0,1.03206e+01,1.03206e+01,9.55615e-01,0.00000e+00
nan,nan,nan,nan,nan,nan,0,1.03589e+01,1.03589e+01,9.55615e-01,0.00000e+00
nan,nan,nan,nan,nan,nan,0,1.03971e+01,1.03971e+01,9.55615e-01,0.00000e+00
nan,nan,nan,nan,nan,nan,0,1.04353e+01,1.04353e+01,9.55615e-01,0.00000e+00
nan,nan,nan,nan,nan,nan,0,1.04735e+01,1.04735e+01,9.55615e-01,0.00000e+00
nan,nan,nan,nan,nan,nan,0,1.05118e+01,1.05118e+01,9.55615e-01,0.00000e+00
nan,nan,nan,nan,nan,nan,0,1.05500e+01,1.05500e+01,9.55615e-01,0.00000e+00
nan,nan,nan,nan,nan,nan,0,1.05882e+01,1.05882e+01,9.55615e-01,0.00000e+00
nan,nan,nan,nan,nan,nan,0,1.06264e+01,1.06264e+01,9.55615e-01,0.00000e+00
nan,nan,nan,nan,nan,nan,0,1.06647e+01,1.06647e+01,9.55615e-01,0.00000e+00
nan,nan,nan,nan,nan,nan,0,1.07029e+01,1.07029e+01,9.55615e-01,0.00000e+00
nan,nan,nan,nan,nan,nan,0,1.07411e+01,1.07411e+01,9.55615e-01,0.00000e+00
nan,nan,nan,nan,nan,nan,0,1.07793e+01,1.07793e+01,9.55615e-01,0.00000e+00
nan,nan,nan,nan,nan,nan,0,1.08176e+01,1.08176e+01,9.55615e-01,0.00000e+00
nan,nan,nan,nan,nan,nan,0,1.08558e+01,1.08558e+01,9.55615e-01,0.00000e+00
nan,nan,nan,nan,nan,nan,0,1.08940e+01,1.08940e+01,9.55615e-01,0.00000e+00
nan,nan,nan,nan,nan,nan,0,1.09322e+01,1.09322e+01,9.55615e-01,0.00000e+00
nan,nan,nan,nan,nan,nan,0,1.09705e+01,1.09705e+01,9.55615e-01,0.00000e+00
nan,nan,nan,nan,nan,nan,0,1.10087e+01,1.10087e+01,9.55615e-01,0.00000e+00
-5.83802e+01,4.49509e-03,-2.92233e-06,-2.68938e-24,4.42488e-26,4.42488e-26,1,1.10469e+01,1.10469e+01,9.55615e-01,0.00000e+00
-5.82299e+01,1.61397e-02,-6.05420e-06,-1.49801e-24,5.14251e-26,5.14251e-26,1,1.10851e+01,1.10851e+01,9.55615e-01,0.00000e+00
-5.81613e+01,3.09650e-02,-8.33008e-06,-2.47664e-24,5.50630e-26,5.50630e-26,1,1.11234e+01,1.11234e+01,9.55615e-01,0.00000e+00
-5.81472e+01,4.72377e-02,-1.17016e-05,1.18778e-24,5.58455e-26,5.58455e-26,1,1.11616e+01,1.11616e+01,9.55615e-01,0.00000e+00
-5.81723e+01,6.32756e-02,-1.01704e-05,9.27682e-25,5.44615e-26,5.44615e-26,1,1.11998e+01,1.11998e+01,9.55615e-01,0.00000e+00
-5.82272e+01,7.81575e-02,-1.04934e-05,-7.13442e-26,5.15573e-26,5.15573e-26,1,1.12380e+01,1.12380e+01,9.55615e-01,0.00000e+00
-5.83060e+01,9.12207e-02,-7.97304e-06,-2.01860e-25,4.76498e-26,4.76498e-26,1,1.12763e+01,1.12763e+01,9.55615e-01,0.00000e+00
-5.84045e+01,1.02016e-01,-1.82163e-06,3.74111e-25,4.31874e-26,4.31874e-26,1,1.13145e+01,1.13145e+01,9.55615e-01,0.00000e+00
-5.85189e+01,1.10490e-01,3.83467e-06,3.42995e-25,3.85241e-26,3.85241e-26,1,1.13527e+01,1.13527e+01,9.55615e-01,0.00000e+00
-5.86488e+01,1.16649e-01,1.45563e-06,-5.19098e-26,3.38349e-26,3.38349e-26,1,1.13909e+01,1.13909e+01,9.55615e-01,0.00000e+00
-5.87914e+01,1.20379e-01,7.43256e-07,-2.71118e-25,2.93350e-26,2.93350e-26,1,1.14292e+01,1.14292e+01,9.55615e-01,0.00000e+00
-5.89467e+01,1.21651e-01,6.95965e-07,5.50014e-25,2.51050e-26,2.51050e-26,1,1.14674e+01,1.14674e+01,9.55615e-01,0.00000e+00
-5.91118e+01,1.20389e-01,-4.05080e-07,-2.26493e-25,2.12941e-26,2.12941e-26,1,1.15056e+01,1.15056e+01,9.55615e-01,0.00000e+00
-5.92851e+01,1.16660e-01,-2.29217e-06,-1.00477e-25,1.79111e-26,1.79111e-26,1,1.15438e+01,1.15438e+01,9.55615e-01,0.00000e+00
-5.94662e+01,1.10496e-01,-4.71301e-06,-6.44341e-25,1.49465e-26,1.49465e-26,1,1.15821e+01,1.15821e+01,9.55615e-01,0.00000e+00
-5.96529e+01,1.02023e-01,4.14920e-07,2.68515e-25,1.23996e-26,1.23996e-26,1,1.16203e+01,1.16203e+01,9.55615e-01,0.00000e+00
-5.98478e+01,9.12209e-02,7.50044e-06,1.24345e-25,1.01978e-26,1.01978e-26,1,1.16585e+01,1.16585e+01,9.55615e-01,0.00000e+00
-6.00516e+01,7.81608e-02,9.90285e-06,2.61246e-25,8.32171e-27,8.32171e-27,1,1.16967e+01,1.16967e+01,9.55615e-01,0.00000e+00
-6.02645e+01,6.32782e-02,8.98370e-06,-1.02795e-24,6.72892e-27,6.72892e-27,1,1.17350e+01,1.17350e+01,9.55615e-01,0.00000e+00
-6.04870e+01,4.72603e-02,1.08409e-05,-3.08345e-25,5.38524e-27,5.38524e-27,1,1.17732e+01,1.17732e+01,9.55615e-01,0.00000e+00
-6.07237e+01,3.09620e-02,9.83159e-06,1.27987e-24,4.24912e-27,4.24912e-27,1,1.18114e+01,1.18114e+01,9.55615e-01,0.00000e+00
-6.09773e+01,1.61410e-02,5.05939e-06,-3.73659e-24,3.30027e-27,3.30027e-27,1,1.18496e+01,1.18496e+01,9.55615e-01,0.00000e+00
-6.12678e+01,4.48976e-03,2.62751e-06,3.17456e-24,2.46563e-27,2.46563e-27,1,1.18879e+01,1.18879e+01,9.55615e-01,0.00000e+00
nan,nan,nan,nan,nan,nan,0,1.19261e+01,1.19261e+01,9.55615e-01,0.00000e+00
nan,nan,nan,nan,nan,nan,0,1.19643e+01,1.19643e+01,9.55615e-01,0.00000e+00
nan,nan,nan,nan,nan,nan,0,1.20025e+01,1.20025e+01,9.55615e-01,0.00000e+00
nan,nan,nan,nan,nan,nan,0,1.20407e+01,1.20407e+01,9.55615e-01,0.00000e+00
nan,nan,nan,nan,nan,nan,0,1.20790e+01,1.20790e+01,9.55615e-01,0.00000e+00
nan,nan,nan,nan,nan,nan,0,1.21172e+01,1.21172e+01,9.55615e-01,0.00000e+00
nan,nan,nan,nan,nan,nan,0,1.21554e+01,1.21554e+01,9.55615e-01,0.00000e+00
nan,nan,nan,nan,nan,nan,0,1.21936e+01,1.21936e+01,9.55615e-01,0.00000e+00
nan,nan,nan,nan,nan,nan,0,1.22319e+01,1.22319e+01,9.55615e-01,0.00000e+00
nan,nan,nan,nan,nan,nan,0,1.22701e+01,1.22701e+01,9.55615e-01,0.00000e+00
nan,nan,nan,nan,nan,nan,0,1.23083e+01,1.23083e+01,9.55615e-01,0.00000e+00
nan,nan,nan,nan,nan,nan,0,1.23465e+01,1.23465e+01,9.55615e-01,0.00000e+00
nan,nan,nan,nan,nan,nan,0,1.23848e+01,1.23848e+01,9.55615e-01,0.00000e+00
nan,nan,nan,nan,nan,nan,0,1.24230e+01,1.24230e+01,9.55615e-01,0.00000e+00
nan,nan,nan,nan,nan,nan,0,1.24612e+01,1.24612e+01,9.55615e-01,0.00000e+00
nan,nan,nan,nan,nan,nan,0,1.24994e+01,1.24994e+01,9.55615e-01,0.00000e+00
nan,nan,nan,nan,nan,nan,0,1.25377e+01,1.25377e+01,9.55615e-01,0.00000e+00
nan,nan,nan,nan,nan,nan,0,1.25759e+01,1.25759e+01,9.55615e-01,0.00000e+00
nan,nan,nan,nan,nan,nan,0,1.26141e+01,1.26141e+01,9.55615e-01,0.00000e+00
nan,nan,nan,nan,nan,nan,0,1.26523e+01,1.26523e+01,9.55615e-01,0.00000e+00
nan,nan,nan,nan,nan,nan,0,1.26906e+01,1.26906e+01,9.55615e-01,0.00000e+00
nan,nan,nan,nan,nan,nan,0,1.27288e+01,1.27288e+01,9.55615e-01,0.00000e+00
nan,nan,nan,nan,nan,nan,0,1.27670e+01,1.27670e+01,9.55615e-01,0.00000e+00
nan,nan,nan,nan,nan,nan,0,1.28052e+01,1.28052e+01,9.55615e-01,0.00000e+00
nan,nan,nan,nan,nan,nan,0,1.28435e+01,1.28435e+01,9.55615e-01,0.00000e+00
nan,nan,nan,nan,nan,nan,0,1.28817e+01,1.28817e+01,9.55615e-01,0.00000e+00
nan,nan,nan,nan,nan,nan,0,1.29199e+01,1.29199e+01,9.55615e-01,0.00000e+00
-7.32699e+01,4.49182e-03,-2.23765e-06,2.57813e-24,1.51136e-32,1.51136e-32,1,1.29581e+01,1.29581e+01,9.55615e-01,0.00000e+00
-7.31310e+01,1.61374e-02,-4.62086e-06,-2.17053e-24,1.73653e-32,1.73653e-32,1,1.29964e+01,1.29964e+01,9.55615e-01,0.00000e+00
-7.30770e+01,3.09737e-02,-7.44178e-06,3.39340e-24,1.83266e-32,1.83266e-32,1,1.30346e+01,1.30346e+01,9.55615e-01,0.00000e+00
-7.30802e+01,4.72407e-02,-1.13435e-05,-2.70234e-24,1.82682e-32,1.82682e-32,1,1.30728e+01,1.30728e+01,9.55615e-01,0.00000e+00
-7.31244e+01,6.32490e-02,-8.43315e-06,1.05231e-24,1.74788e-32,1.74788e-32,1,1.31110e+01,1.31110e+01,9.55615e-01,0.00000e+00
-7.32000e+01,7.81304e-02,-9.38117e-06,1.43269e-25,1.62075e-32,1.62075e-32,1,1.31493e+01,1.31493e+01,9.55615e-01,0.00000e+00
-7.33007e+01,9.11972e-02,-7.49675e-06,9.97851e-26,1.46528e-32,1.46528e-32,1,1.31875e+01,1.31875e+01,9.55615e-01,0.00000e+00
-7.34226e+01,1.02017e-01,-4.72229e-07,-2.90489e-25,1.29750e-32,1.29750e-32,1,1.32257e+01,1.32257e+01,9.55615e-01,0.00000e+00
-7.35612e+01,1.10492e-01,4.82097e-06,-3.91195e-25,1.12984e-32,1.12984e-32,1,1.32639e+01,1.32639e+01,9.55615e-01,0.00000e+00
-7.37165e+01,1.16653e-01,2.23449e-06,7.07158e-25,9.67428e-33,9.67428e-33,1,1.33022e+01,1.33022e+01,9.55615e-01,0.00000e+00
-7.38852e+01,1.20377e-01,1.49210e-06,-9.37172e-25,8.17131e-33,8.17131e-33,1,1.33404e+01,1.33404e+01,9.55615e-01,0.00000e+00
-7.40680e+01,1.21649e-01,1.40733e-06,1.34551e-24,6.80244e-33,6.80244e-33,1,1.33786e+01,1.33786e+01,9.55615e-01,0.00000e+00
-7.42615e+01,1.20384e-01,2.96208e-07,-1.21616e-24,5.60948e-33,5.60948e-33,1,1.34168e+01,1.34168e+01,9.55615e-01,0.00000e+00
-7.44632e+01,1.16659e-01,-1.69792e-06,-4.93473e-25,4.58636e-33,4.58636e-33,1,1.34551e+01,1.34551e+01,9.55615e-01,0.00000e+00
-7.46733e+01,1.10501e-01,-4.59091e-06,1.28739e-24,3.71791e-33,3.71791e-33,1,1.34933e+01,1.34933e+01,9.55615e-01,0.00000e+00
-7.48893e+01,1.02029e-01,1.60400e-06,1.01589e-26,2.99511e-33,2.99511e-33,1,1.35315e+01,1.35315e+01,9.55615e-01,0.00000e+00
-7.51143e+01,9.12087e-02,8.40006e-06,-2.72978e-25,2.38997e-33,2.38997e-33,1,1.35697e+01,1.35697e+01,9.55615e-01,0.00000e+00
-7.53478e+01,7.81414e-02,1.05290e-05,3.59544e-26,1.89348e-33,1.89348e-33,1,1.36080e+01,1.36080e+01,9.55615e-01,0.00000e+00
-7.55898e+01,6.32594e-02,9.84578e-06,-2.51819e-25,1.48733e-33,1.48733e-33,1,1.36462e+01,1.36462e+01,9.55615e-01,0.00000e+00
-7.58400e+01,4.72483e-02,1.27330e-05,-7.80609e-25,1.15762e-33,1.15762e-33,1,1.36844e+01,1.36844e+01,9.55615e-01,0.00000e+00
-7.61020e+01,3.09781e-02,8.75983e-06,2.94869e-25,8.90440e-34,8.90440e-34,1,1.37226e+01,1.37226e+01,9.55615e-01,0.00000e+00
-7.63782e+01,1.61297e-02,5.81177e-06,1.51133e-24,6.76295e-34,6.76295e-34,1,1.37609e+01,1.37609e+01,9.55615e-01,0.00000e+00
-7.66852e+01,4.49115e-03,2.99864e-06,-1.15678e-24,4.96924e-34,4.96924e-34,1,1.37991e+01,1.37991e+01,9.55615e-01,0.00000e+00
nan,nan,nan,nan,nan,nan,0,1.38373e+01,1.38373e+01,9.55615e-01,0.00000e+00
nan,nan,nan,nan,nan,nan,0,1.38755e+01,1.38755e+01,9.55615e-01,0.00000e+00
nan,nan,nan,nan,nan,nan,0,1.39138e+01,1.39138e+01,9.55615e-01,0.00000e+00
nan,nan,nan,nan,nan,nan,0,1.39520e+01,1.39520e+01,9.55615e-01,0.00000e+00
nan,nan,nan,nan,nan,nan,0,1.39902e+01,1.39902e+01,9.55615e-01,0.00000e+00
nan,nan,nan,nan,nan,nan,0,1.40284e+01,1.40284e+01,9.55615e-01,0.00000e+00
nan,nan,nan,nan,nan,nan,0,1.40667e+01,1.40667e+01,9.55615e-01,0.00000e+00
nan,nan,nan,nan,nan,nan,0,1.41049e+01,1.41049e+01,9.55615e-01,0.00000e+00
nan,nan,nan,nan,nan,nan,0,1.41431e+01,1.41431e+01,9.55615e-01,0.00000e+00
nan,nan,nan,nan,nan,nan,0,1.41813e+01,1.41813e+01,9.55615e-01,0.00000e+00
nan,nan,nan,nan,nan,nan,0,1.42196e+01,1.42196e+01,9.55615e-01,0.00000e+00
nan,nan,nan,nan,nan,nan,0,1.42578e+01,1.42578e+01,9.55615e-01,0.00000e+00
nan,nan,nan,nan,nan,nan,0,1.42960e+01,1.42960e+01,9.55615e-01,0.00000e+00
nan,nan,nan,nan,nan,nan,0,1.43342e+01,1.43342e+01,9.55615e-01,0.00000e+00
nan,nan,nan,nan,nan,nan,0,1.43724e+01,1.43724e+01,9.55615e-01,0.00000e+00
nan,nan,nan,nan,nan,nan,0,1.44107e+01,1.44107e+01,9.55615e-01,0.00000e+00
nan,nan,nan,nan,nan,nan,0,1.44489e+01,1.44489e+01,9.55615e-01,0.00000e+00
nan,nan,nan,nan,nan,nan,0,1.44871e+01,1.44871e+01,9.55615e-01,0.00000e+00
nan,nan,nan,nan,nan,nan,0,1.45253e+01,1.45253e+01,9.55615e-01,0.00000e+00
nan,nan,nan,nan,nan,nan,0,1.45636e+01,1.45636e+01,9.55615e-01,0.00000e+00
nan,nan,nan,nan,nan,nan,0,1.46018e+01,1.46018e+01,9.55615e-01,0.00000e+00
nan,nan,nan,nan,nan,nan,0,1.46400e+01,1.46400e+01,9.55615e-01,0.00000e+00
nan,nan,nan,nan,nan,nan,0,1.46782e+01,1.46782e+01,9.55615e-01,0.00000e+00
nan,nan,nan,nan,nan,nan,0,1.47165e+01,1.47165e+01,9.55615e-01,0.00000e+00
nan,nan,nan,nan,nan,nan,0,1.47547e+01,1.47547e+01,9.55615e-01,0.00000e+00
nan,nan,nan,nan,nan,nan,0,1.47929e+01,1.47929e+01,9.55615e-01,0.00000e+00
nan,nan,nan,nan,nan,nan,0,1.48311e+01,1.48311e+01,9.55615e-01,0.00000e+00
-9.00132e+01,4.50096e-03,-2.21220e-06,1.74292e-24,8.08745e-40,8.08745e-40,1,1.48694e+01,1.48694e+01,9.55615e-01,0.00000e+00
-8.98864e+01,1.61326e-02,-3.96393e-06,2.70323e-25,9.18107e-40,9.18107e-40,1,1.49076e+01,1.49076e+01,9.55615e-01,0.00000e+00
-8.98472e+01,3.09568e-02,-9.38913e-06,-2.39108e-24,9.54646e-40,9.54646e-40,1,1.49458e+01,1.49458e+01,9.55615e-01,0.00000e+00
-8.98681e+01,4.72525e-02,-1.04375e-05,9.60775e-25,9.35000e-40,9.35000e-40,1,1.49840e+01,1.49840e+01,9.55615e-01,0.00000e+00
-8.99318e+01,6.32553e-02,-8.36955e-06,5.20735e-25,8.77399e-40,8.77399e-40,1,1.50223e+01,1.50223e+01,9.55615e-01,0.00000e+00
-9.00284e+01,7.81455e-02,-1.08963e-05,-2.26960e-25,7.96623e-40,7.96623e-40,1,1.50605e+01,1.50605e+01,9.55615e-01,0.00000e+00
-9.01514e+01,9.12083e-02,-8.08474e-06,-2.19985e-25,7.04367e-40,7.04367e-40,1,1.50987e+01,1.50987e+01,9.55615e-01,0.00000e+00
-9.02963e+01,1.02011e-01,-9.43321e-07,7.97600e-25,6.09593e-40,6.09593e-40,1,1.51369e+01,1.51369e+01,9.55615e-01,0.00000e+00
-9.04590e+01,1.10493e-01,4.03274e-06,-1.15594e-24,5.18172e-40,5.18172e-40,1,1.51752e+01,1.51752e+01,9.55615e-01,0.00000e+00
-9.06396e+01,1.16656e-01,1.76158e-06,8.18964e-26,4.32600e-40,4.32600e-40,1,1.52134e+01,1.52134e+01,9.55615e-01,0.00000e+00
-9.08345e+01,1.20380e-01,1.12226e-06,6.07173e-25,3.55935e-40,3.55935e-40,1,1.52516e+01,1.52516e+01,9.55615e-01,0.00000e+00
-9.10447e+01,1.21650e-01,1.08475e-06,3.03112e-25,2.88270e-40,2.88270e-40,1,1.52898e+01,1.52898e+01,9.55615e-01,0.00000e+00
-9.12658e+01,1.20384e-01,1.49233e-07,6.02694e-25,2.31269e-40,2.31269e-40,1,1.53281e+01,1.53281e+01,9.55615e-01,0.00000e+00
-9.14962e+01,1.16654e-01,-1.77797e-06,-1.33388e-24,1.83773e-40,1.83773e-40,1,1.53663e+01,1.53663e+01,9.55615e-01,0.00000e+00
-9.17350e+01,1.10499e-01,-4.27450e-06,-2.69358e-25,1.44756e-40,1.44756e-40,1,1.54045e+01,1.54045e+01,9.55615e-01,0.00000e+00
-9.19802e+01,1.02024e-01,1.42484e-06,1.24713e-25,1.13254e-40,1.13254e-40,1,1.54427e+01,1.54427e+01,9.55615e-01,0.00000e+00
-9.22347e+01,9.12090e-02,7.79856e-06,-9.17847e-27,8.77227e-41,8.77227e-41,1,1.54810e+01,1.54810e+01,9.55615e-01,0.00000e+00
-9.24979e+01,7.81464e-02,1.04971e-05,1.24576e-25,6.74767e-41,6.74767e-41,1,1.55192e+01,1.55192e+01,9.55615e-01,0.00000e+00
-9.27696e+01,6.32587e-02,1.03386e-05,-1.32589e-25,5.14585e-41,5.14585e-41,1,1.55574e+01,1.55574e+01,9.55615e-01,0.00000e+00
-9.30485e+01,4.72494e-02,1.20473e-05,-1.63720e-25,3.89141e-41,3.89141e-41,1,1.55956e+01,1.55956e+01,9.55615e-01,0.00000e+00
-9.33375e+01,3.09779e-02,8.83372e-06,1.28797e-24,2.91344e-41,2.91344e-41,1,1.56339e+01,1.56339e+01,9.55615e-01,0.00000e+00
-9.36368e+01,1.61435e-02,6.04402e-06,-2.71107e-24,2.16248e-41,2.16248e-41,1,1.56721e+01,1.56721e+01,9.55615e-01,0.00000e+00
-9.39621e+01,4.49273e-03,3.12786e-06,-2.67112e-24,1.55965e-41,1.55965e-41,1,1.57103e+01,1.57103e+01,9.55615e-01,0.00000e+00
nan,nan,nan,nan,nan,nan,0,1.57485e+01,1.57485e+01,9.55615e-01,0.00000e+00
nan,nan,nan,nan,nan,nan,0,1.57868e+01,1.57868e+01,9.55615e-01,0.00000e+00
nan,nan,nan,nan,nan,nan,0,1.58250e+01,1.58250e+01,9.55615e-01,0.00000e+00
nan,nan,nan,nan,nan,nan,0,1.58632e+01,1.58632e+01,9.55615e-01,0.00000e+00
nan,nan,nan,nan,nan,nan,0,1.59014e+01,1.59014e+01,9.55615e-01,0.00000e+00
nan,nan,nan,nan,nan,nan,0,1.59397e+01,1.59397e+01,9.55615e-01,0.00000e+00
nan,nan,nan,nan,nan,nan,0,1.59779e+01,1.59779e+01,9.55615e-01,0.00000e+00
nan,nan,nan,nan,nan,nan,0,1.60161e+01,1.60161e+01,9.55615e-01,0.00000e+00
nan,nan,nan,nan,nan,nan,0,1.60543e+01,1.60543e+01,9.55615e-01,0.00000e+00
nan,nan,nan,nan,nan,nan,0,1.60926e+01,1.60926e+01,9.55615e-01,0.00000e+00
nan,nan,nan,nan,nan,nan,0,1.61308e+01,1.61308e+01,9.55615e-01,0.00000e+00
nan,nan,nan,nan,nan,nan,0,1.61690e+01,1.61690e+01,9.55615e-01,0.00000e+00
nan,nan,nan,nan,nan,nan,0,1.62072e+01,1.62072e+01,9.55615e-01,0.00000e+00
nan,nan,nan,nan,nan,nan,0,1.62455e+01,1.62455e+01,9.55615e-01,0.00000e+00
nan,nan,nan,nan,nan,nan,0,1.62837e+01,1.62837e+01,9.55615e-01,0.00000e+00
nan,nan,nan,nan,nan,nan,0,1.63219e+01,1.63219e+01,9.55615e-01,0.00000e+00
nan,nan,nan,nan,nan,nan,0,1.63601e+01,1.63601e+01,9.55615e-01,0.00000e+00
nan,nan,nan,nan,nan,nan,0,1.63984e+01,1.63984e+01,9.55615e-01,0.00000e+00
nan,nan,nan,nan,nan,nan,0,1.64366e+01,1.64366e+01,9.55615e-01,0.00000e+00
nan,nan,nan,nan,nan,nan,0,1.64748e+01,1.64748e+01,9.55615e-01,0.00000e+00
nan,nan,nan,nan,nan,nan,0,1.65130e+01,1.65130e+01,9.55615e-01,0.00000e+00
nan,nan,nan,nan,nan,nan,0,1.65513e+01,1.65513e+01,9.55615e-01,0.00000e+00
nan,nan,nan,nan,nan,nan,0,1.65895e+01,1.65895e+01,9.55615e-01,0.00000e+00
nan,nan,nan,nan,nan,nan,0,1.66277e+01,1.66277e+01,9.55615e-01,0.00000e+00
nan,nan,nan,nan,nan,nan,0,1.66659e+01,1.66659e+01,9.55615e-01,0.00000e+00
nan,nan,nan,nan,nan,nan,0,1.67042e+01,1.67042e+01,9.55615e-01,0.00000e+00
nan,nan,nan,nan,nan,nan,0,1.67424e+01,1.67424e+01,9.55615e-01,0.00000e+00
0.00000e+00,4.50041e-03,-3.03665e-06,3.60589e-24,0.00000e+00,0.00000e+00,1,1.67806e+01,1.67806e+01,9.55615e-01,0.00000e+00
0.00000e+00,1.61596e-02,-5.72704e-06,-3.68487e-24,0.00000e+00,0.00000e+00,1,1.68188e+01,1.68188e+01,9.55615e-01,0.00000e+00
0.00000e+00,3.09775e-02,-9.74622e-06,1.32476e-24,0.00000e+00,0.00000e+00,1,1.68570e+01,1.68570e+01,9.55615e-01,0.00000e+00
0.00000e+00,4.72799e-02,-1.20880e-05,-5.90278e-25,0.00000e+00,0.00000e+00,1,1.68953e+01,1.68953e+01,9.55615e-01,0.00000e+00
0.00000e+00,6.32914e-02,-1.10420e-05,5.14839e-25,0.00000e+00,0.00000e+00,1,1.69335e+01,1.69335e+01,9.55615e-01,0.00000e+00
0.00000e+00,7.81694e-02,-1.13486e-05,1.14969e-25,0.00000e+00,0.00000e+00,1,1.69717e+01,1.69717e+01,9.55615e-01,0.00000e+00
0.00000e+00,9.12297e-02,-7.12311e-06,1.03828e-26,0.00000e+00,0.00000e+00,1,1.70099e+01,1.70099e+01,9.55615e-01,0.00000e+00
0.00000e+00,1.02028e-01,-1.68700e-06,3.18516e-26,0.00000e+00,0.00000e+00,1,1.70482e+01,1.70482e+01,9.55615e-01,0.00000e+00
0.00000e+00,1.10501e-01,4.12632e-06,4.99540e-25,0.00000e+00,0.00000e+00,1,1.70864e+01,1.70864e+01,9.55615e-01,0.00000e+00
0.00000e+00,1.16666e-01,1.91857e-06,-6.82647e-26,0.00000e+00,0.00000e+00,1,1.71246e+01,1.71246e+01,9.55615e-01,0.00000e+00
0.00000e+00,1.20388e-01,1.44989e-06,1.02167e-25,0.00000e+00,0.00000e+00,1,1.71628e+01,1.71628e+01,9.55615e-01,0.00000e+00
0.00000e+00,1.21660e-01,1.61017e-06,2.85062e-25,0.00000e+00,0.00000e+00,1,1.72011e+01,1.72011e+01,9.55615e-01,0.00000e+00
0.00000e+00,1.20393e-01,7.27709e-07,-9.50468e-25,0.00000e+00,0.00000e+00,1,1.72393e+01,1.72393e+01,9.55615e-01,0.00000e+00
0.00000e+00,1.16669e-01,-9.95914e-07,3.20517e-25,0.00000e+00,0.00000e+00,1,1.72775e+01,1.72775e+01,9.55615e-01,0.00000e+00
0.00000e+00,1.10505e-01,-3.34735e-06,3.73310e-25,0.00000e+00,0.00000e+00,1,1.73157e+01,1.73157e+01,9.55615e-01,0.00000e+00
0.00000e+00,1.02033e-01,2.54521e-06,-1.47418e-25,0.00000e+00,0.00000e+00,1,1.73540e+01,1.73540e+01,9.55615e-01,0.00000e+00
0.00000e+00,9.12343e-02,7.92070e-06,1.20269e-25,0.00000e+00,0.00000e+00,1,1.73922e+01,1.73922e+01,9.55615e-01,0.00000e+00
0.00000e+00,7.81740e-02,1.21884e-05,1.60156e-25,0.00000e+00,0.00000e+00,1,1.74304e+01,1.74304e+01,9.55615e-01,0.00000e+00
0.00000e+00,6.32941e-02,1.20419e-05,-1.06300e-24,0.00000e+00,0.00000e+00,1,1.74686e+01,1.74686e+01,9.55615e-01,0.00000e+00
0.00000e+00,4.72807e-02,1.30991e-05,1.90799e-24,0.00000e+00,0.00000e+00,1,1.75069e+01,1.75069e+01,9.55615e-01,0.00000e+00
0.00000e+00,3.09745e-02,1.06873e-05,8.84747e-25,0.00000e+00,0.00000e+00,1,1.75451e+01,1.75451e+01,9.55615e-01,0.00000e+00
0.00000e+00,1.61543e-02,6.50170e-06,-2.70326e-24,0.00000e+00,0.00000e+00,1,1.75833e+01,1.75833e+01,9.55615e-01,0.00000e+00
0.00000e+00,4.49337e-03,3.48694e-06,2.67536e-24,0.00000e+00,0.00000e+00,1,1.76215e+01,1.76215e+01,9.55615e-01,0.00000e+00
nan,nan,nan,nan,nan,nan,0,1.76598e+01,1.76598e+01,9.55615e-01,0.00000e+00
nan,nan,nan,nan,nan,nan,0,1.76980e+01,1.76980e+01,9.55615e-01,0.00000e+00
nan,nan,nan,nan,nan,nan,0,1.77362e+01,1.77362e+01,9.55615e-01,0.00000e+00
nan,nan,nan,nan,nan,nan,0,1.77744e+01,1.77744e+01,9.55615e-01,0.00000e+00
nan,nan,nan,nan,nan,nan,0,1.78127e+01,1.78127e+01,9.55615e-01,0.00000e+00
nan,nan,nan,nan,nan,nan,0,1.78509e+01,1.78509e+01,9.55615e-01,0.00000e+00
nan,nan,nan,nan,nan,nan,0,1.78891e+01,1.78891e+01,9.55615e-01,0.00000e+00
nan,nan,nan,nan,nan,nan,0,1.79273e+01,1.79273e+01,9.55615e-01,0.00000e+00
nan,nan,nan,nan,nan,nan,0,1.79656e+01,1.79656e+01,9.55615e-01,0.00000e+00
nan,nan,nan,nan,nan,nan,0,1.80038e+01,1.80038e+01,9.55615e-01,0.00000e+00
nan,nan,nan,nan,nan,nan,0,1.80420e+01,1.80420e+01,9.55615e-01,0.00000e+00
nan,nan,nan,nan,nan,nan,0,1.80802e+01,1.80802e+01,9.55615e-01,0.00000e+00
nan,nan,nan,nan,nan,nan,0,1.81185e+01,1.81185e+01,9.55615e-01,0.00000e+00
nan,nan,nan,nan,nan,nan,0,1.81567e+01,1.81567e+01,9.55615e-01,0.00000e+00
nan,nan,nan,nan,nan,nan,0,1.81949e+01,1.81949e+01,9.55615e-01,0.00000e+00
nan,nan,nan,nan,nan,nan,0,1.82331e+01,1.82331e+01,9.55615e-01,0.00000e+00
nan,nan,nan,nan,nan,nan,0,1.82714e+01,1.82714e+01,9.55615e-01,0.00000e+00
nan,nan,nan,nan,nan,nan,0,1.83096e+01,1.83096e+01,9.55615e-01,0.00000e+00
nan,nan,nan,nan,nan,nan,0,1.83478e+01,1.83478e+01,9.55615e-01,0.00000e+00
nan,nan,nan,nan,nan,nan,0,1.83860e+01,1.83860e+01,9.55615e-01,0.00000e+00
nan,nan,nan,nan,nan,nan,0,1.84243e+01,1.84243e+01,9.55615e-01,0.00000e+00
nan,nan,nan,nan,nan,nan,0,1.84625e+01,1.84625e+01,9.55615e-01,0.00000e+00
nan,nan,nan,nan,nan,nan,0,1.85007e+01,1.85007e+01,9.55615e-01,0.00000e+00
nan,nan,nan,nan,nan,nan,0,1.85389e+01,1.85389e+01,9.55615e-01,0.00000e+00
nan,nan,nan,nan,nan,nan,0,1.85772e+01,1.85772e+01,9.55615e-01,0.00000e+00
nan,nan,nan,nan,nan,nan,0,1.86154e+01,1.86154e+01,9.55615e-01,0.00000e+00
nan,nan,nan,nan,nan,nan,0,1.86536e+01,1.86536e+01,9.55615e-01,0.00000e+00
0.00000e+00,4.38213e-03,-2.64563e-06,1.03349e-24,0.00000e+00,0.00000e+00,1,1.86918e+01,1.86918e+01,9.55615e-01,0.00000e+00
0.00000e+00,1.57662e-02,-5.16183e-06,2.00768e-24,0.00000e+00,0.00000e+00,1,1.87301e+01,1.87301e+01,9.55615e-01,0.00000e+00
0.00000e+00,3.03014e-02,-7.56442e-06,1.11371e-24,0.00000e+00,0.00000e+00,1,1.87683e+01,1.87683e+01,9.55615e-01,0.00000e+00
0.00000e+00,4.63013e-02,-1.03816e-05,-3.97076e-24,0.00000e+00,0.00000e+00,1,1.88065e+01,1.88065e+01,9.55615e-01,0.00000e+00
0.00000e+00,6.21368e-02,-8.38498e-06,1.27933e-24,0.00000e+00,0.00000e+00,1,1.88447e+01,1.88447e+01,9.55615e-01,0.00000e+00
0.00000e+00,7.70205e-02,-8.27836e-06,-3.45069e-25,0.00000e+00,0.00000e+00,1,1.88830e+01,1.88830e+01,9.55615e-01,0.00000e+00
0.00000e+00,9.03485e-02,-5.28684e-06,1.05891e-25,0.00000e+00,0.00000e+00,1,1.89212e+01,1.89212e+01,9.55615e-01,0.00000e+00
0.00000e+00,1.01852e-01,1.37939e-06,-3.39108e-25,0.00000e+00,0.00000e+00,1,1.89594e+01,1.89594e+01,9.55615e-01,0.00000e+00
0.00000e+00,1.11608e-01,7.23606e-06,2.75787e-25,0.00000e+00,0.00000e+00,1,1.89976e+01,1.89976e+01,9.55615e-01,0.00000e+00
0.00000e+00,1.19905e-01,4.97943e-06,6.06894e-26,0.00000e+00,0.00000e+00,1,1.90359e+01,1.90359e+01,9.55615e-01,0.00000e+00
0.00000e+00,1.27004e-01,5.40883e-06,-8.12741e-26,0.00000e+00,0.00000e+00,1,1.90741e+01,1.90741e+01,9.55615e-01,0.00000e+00
0.00000e+00,1.32800e-01,5.47922e-06,7.23470e-24,0.00000e+00,0.00000e+00,1,1.91123e+01,1.91123e+01,9.55615e-01,0.00000e+00
nan,nan,nan,nan,nan,nan,0,1.91505e+01,1.91505e+01,9.55615e-01,0.00000e+00
nan,nan,nan,nan,nan,nan,0,1.91887e+01,1.91887e+01,9.55615e-01,0.00000e+00
nan,nan,nan,nan,nan,nan,0,1.92270e+01,1.92270e+01,9.55615e-01,0.00000e+00
nan,nan,nan,nan,nan,nan,0,1.92652e+01,1.92652e+01,9.55615e-01,0.00000e+00
nan,nan,nan,nan,nan,nan,0,1.93034e+01,1.93034e+01,9.55615e-01,0.00000e+00
nan,nan,nan,nan,nan,nan,0,1.93416e+01,1.93416e+01,9.55615e-01,0.00000e+00
nan,nan,nan,nan,nan,nan,0,1.93799e+01,1.93799e+01,9.55615e-01,0.00000e+00
nan,nan,nan,nan,nan,nan,0,1.94181e+01,1.94181e+01,9.55615e-01,0.00000e+00
nan,nan,nan,nan,nan,nan,0,1.94563e+01,1.94563e+01,9.55615e-01,0.00000e+00
nan,nan,nan,nan,nan,nan,0,1.94945e+01,1.94945e+01,9.55615e-01,0.00000e+00
nan,nan,nan,nan,nan,nan,0,1.95328e+01,1.95328e+01,9.55615e-01,0.00000e+00
nan,nan,nan,nan,nan,nan,0,1.95710e+01,1.95710e+01,9.55615e-01,0.00000e+00
nan,nan,nan,nan,nan,nan,0,1.96092e+01,1.96092e+01,9.55615e-01,0.00000e+00
nan,nan,nan,nan,nan,nan,0,1.96474e+01,1.96474e+01,9.55615e-01,0.00000e+00
nan,nan,nan,nan,nan,nan,0,1.96857e+01,1.96857e+01,9.55615e-01,0.00000e+00
nan,nan,nan,nan,nan,nan,0,1.97239e+01,1.97239e+01,9.55615e-01,0.00000e+00
nan,nan,nan,nan,nan,nan,0,1.97621e+01,1.97621e+01,9.55615e-01,0.00000e+00
nan,nan,nan,nan,nan,nan,0,1.98003e+01,1.98003e+01,9.55615e-01,0.00000e+00
nan,nan,nan,nan,nan,nan,0,1.98386e+01,1.98386e+01,9.55615e-01,0.00000e+00
nan,nan,nan,nan,nan,nan,0,1.98768e+01,1.98768e+01,9.55615e-01,0.00000e+00
nan,nan,nan,nan,nan,nan,0,1.99150e+01,1.99150e+01,9.55615e-01,0.00000e+00
nan,nan,nan,nan,nan,nan,0,1.99532e+01,1.99532e+01,9.55615e-01,0.00000e+00
nan,nan,nan,nan,nan,nan,0,1.99915e+01,1.99915e+01,9.55615e-01,0.00000e+00
nan,nan,nan,nan,nan,nan,0,2.00297e+01,2.00297e+01,9.55615e-01,0.00000e+00
nan,nan,nan,nan,nan,nan,0,2.00679e+01,2.00679e+01,9.55615e-01,0.00000e+00
nan,nan,nan,nan,nan,nan,0,2.01061e+01,2.01061e+01,9.55615e-01,0.00000e+00
nan,nan,nan,nan,nan,nan,0,2.01444e+01,2.01444e+01,9.55615e-01,0.00000e+00
nan,nan,nan,nan,nan,nan,0,2.01826e+01,2.01826e+01,9.55615e-01,0.00000e+00
nan,nan,nan,nan,nan,nan,0,2.02208e+01,2.02208e+01,9.55615e-01,0.00000e+00
nan,nan,nan,nan,nan,nan,0,2.02590e+01,2.02590e+01,9.55615e-01,0.00000e+00
nan,nan,nan,nan,nan,nan,0,2.02973e+01,2.02973e+01,9.55615e-01,0.00000e+00
nan,nan,nan,nan,nan,nan,0,2.03355e+01,2.03355e+01,9.55615e-01,0.00000e+00
nan,nan,nan,nan,nan,nan,0,2.03737e+01,2.03737e+01,9.55615e-01,0.00000e+00
nan,nan,nan,nan,nan,nan,0,2.04119e+01,2.04119e+01,9.55615e-01,0.00000e+00
nan,nan,nan,nan,nan,nan,0,2.04502e+01,2.04502e+01,9.55615e-01,0.00000e+00
nan,nan,nan,nan,nan,nan,0,2.04884e+01,2.04884e+01,9.55615e-01,0.00000e+00
nan,nan,nan,nan,nan,nan,0,2.05266e+01,2.05266e+01,9.55615e-01,0.00000e+00
nan,nan,nan,nan,nan,nan,0,2.05648e+01,2.05648e+01,9.55615e-01,0.00000e+00
nan,nan,nan,nan,nan,nan,0,2.06031e+01,2.06031e+01,9.55615e-01,0.00000e+00
nan,nan,nan,nan,nan,nan,0,2.06413e+01,2.06413e+01,9.55615e-01,0.00000e+00
nan,nan,nan,nan,nan,nan,0,2.06795e+01,2.06795e+01,9.55615e-01,0.00000e+00
nan,nan,nan,nan,nan,nan,0,2.07177e+01,2.07177e+01,9.55615e-01,0.00000e+00
nan,nan,nan,nan,nan,nan,0,2.07560e+01,2.07560e+01,9.55615e-01,0.00000e+00
nan,nan,nan,nan,nan,nan,0,2.07942e+01,2.07942e+01,9.55615e-01,0.00000e+00
nan,nan,nan,nan,nan,nan,0,2.08324e+01,2.08324e+01,9.55615e-01,0.00000e+00
nan,nan,nan,nan,nan,nan,0,2.08706e+01,2.08706e+01,9.55615e-01,0.00000e+00
nan,nan,nan,nan,nan,nan,0,2.09089e+01,2.09089e+01,9.55615e-01,0.00000e+00
nan,nan,nan,nan,nan,nan,0,2.09471e+01,2.09471e+01,9.55615e-01,0.00000e+00
nan,nan,nan,nan,nan,nan,0,2.09853e+01,2.09853e+01,9.55615e-01,0.00000e+00
nan,nan,nan,nan,nan,nan,0,2.10235e+01,2.10235e+01,9.55615e-01,0.00000e+00
nan,nan,nan,nan,nan,nan,0,2.10618e+01,2.10618e+01,9.55615e-01,0.00000e+00
nan,nan,nan,nan,nan,nan,0,2.11000e+01,2.11000e+01,9.55615e-01,0.00000e+00
nan,nan,nan,nan,nan,nan,0,2.11382e+01,2.11382e+01,9.55615e-01,0.00000e+00
nan,nan,nan,nan,nan,nan,0,2.11764e+01,2.11764e+01,9.55615e-01,0.00000e+00
nan,nan,nan,nan,nan,nan,0,2.12147e+01,2.12147e+01,9.55615e-01,0.00000e+00
nan,nan,nan,nan,nan,nan,0,2.12529e+01,2.12529e+01,9.55615e-01,0.00000e+00
nan,nan,nan,nan,nan,nan,0,2.12911e+01,2.12911e+01,9.55615e-01,0.00000e+00
nan,nan,nan,nan,nan,nan,0,2.13293e+01,2.13293e+01,9.55615e-01,0.00000e+00
nan,nan,nan,nan,nan,nan,0,2.13676e+01,2.13676e+01,9.55615e-01,0.00000e+00
nan,nan,nan,nan,nan,nan,0,2.14058e+01,2.14058e+01,9.55615e-01,0.00000e+00
nan,nan,nan,nan,nan,nan,0,2.14440e+01,2.14440e+01,9.55615e-01,0.00000e+00
nan,nan,nan,nan,nan,nan,0,2.14822e+01,2.14822e+01,9.55615e-01,0.00000e+00
nan,nan,nan,nan,nan,nan,0,2.15205e+01,2.15205e+01,9.55615e-01,0.00000e+00
nan,nan,nan,nan,nan,nan,0,2.15587e+01,2.15587e+01,9.55615e-01,0.00000e+00
nan,nan,nan,nan,nan,nan,0,2.15969e+01,2.15969e+01,9.55615e-01,0.00000e+00
nan,nan,nan,nan,nan,nan,0,2.16351e+01,2.16351e+01,9.55615e-01,0.00000e+00
nan,nan,nan,nan,nan,nan,0,2.16733e+01,2.16733e+01,9.55615e-01,0.00000e+00
nan,nan,nan,nan,nan,nan,0,2.17116e+01,2.17116e+01,9.55615e-01,0.00000e+00
nan,nan,nan,nan,nan,nan,0,2.17498e+01,2.17498e+01,9.55615e-01,0.00000e+00
nan,nan,nan,nan,nan,nan,0,2.17880e+01,2.17880e+01,9.55615e-01,0.00000e+00
nan,nan,nan,nan,nan,nan,0,2.18262e+01,2.18262e+01,9.55615e-01,0.00000e+00
nan,nan,nan,nan,nan,nan,0,2.18645e+01,2.18645e+01,9.55615e-01,0.00000e+00
nan,nan,nan,nan,nan,nan,0,2.19027e+01,2.19027e+01,9.55615e-01,0.00000e+00
nan,nan,nan,nan,nan,nan,0,2.19409e+01,2.19409e+01,9.55615e-01,0.00000e+00
nan,nan,nan,nan,nan,nan,0,2.19791e+01,2.19791e+01,9.55615e-01,0.00000e+00
nan,nan,nan,nan,nan,nan,0,2.20174e+01,2.20174e+01,9.55615e-01,0.00000e+00
nan,nan,nan,nan,nan,nan,0,2.20556e+01,2.20556e+01,9.55615e-01,0.00000e+00
nan,nan,nan,nan,nan,nan,0,2.20938e+01,2.20938e+01,9.55615e-01,0.00000e+00
nan,nan,nan,nan,nan,nan,0,2.21320e+01,2.21320e+01,9.55615e-01,0.00000e+00
nan,nan,nan,nan,nan,nan,0,2.21703e+01,2.21703e+01,9.55615e-01,0.00000e+00
nan,nan,nan,nan,nan,nan,0,2.22085e+01,2.22085e+01,9.55615e-01,0.00000e+00
nan,nan,nan,nan,nan,nan,0,2.22467e+01,2.22467e+01,9.55615e-01,0.00000e+00
nan,nan,nan,nan,nan,nan,0,2.22849e+01,2.22849e+01,9.55615e-01,0.00000e+00
nan,nan,nan,nan,nan,nan,0,2.23232e+01,2.23232e+01,9.55615e-01,0.00000e+00
nan,nan,nan,nan,nan,nan,0,2.23614e+01,2.23614e+01,9.55615e-01,0.00000e+00
nan,nan,nan,nan,nan,nan,0,2.23996e+01,2.23996e+01,9.55615e-01,0.00000e+00
nan,nan,nan,nan,nan,nan,0,2.24378e+01,2.24378e+01,9.55615e-01,0.00000e+00
nan,nan,nan,nan,nan,nan,0,2.24761e+01,2.24761e+01,9.55615e-01,0.00000e+00
nan,nan,nan,nan,nan,nan,0,2.25143e+01,2.25143e+01,9.55615e-01,0.00000e+00
nan,nan,nan,nan,nan,nan,0,2.25525e+01,2.25525e+01,9.55615e-01,0.00000e+00
nan,nan,nan,nan,nan,nan,0,2.25907e+01,2.25907e+01,9.55615e-01,0.00000e+00
nan,nan,nan,nan,nan,nan,0,2.26290e+01,2.26290e+01,9.55615e-01,0.00000e+00
nan,nan,nan,nan,nan,nan,0,2.26672e+01,2.26672e+01,9.55615e-01,0.00000e+00
nan,nan,nan,nan,nan,nan,0,2.27054e+01,2.27054e+01,9.55615e-01,0.00000e+00
nan,nan,nan,nan,nan,nan,0,2.27436e+01,2.27436e+01,9.55615e-01,0.00000e+00
nan,nan,nan,nan,nan,nan,0,2.27819e+01,2.27819e+01,9.55615e-01,0.00000e+00
nan,nan,nan,nan,nan,nan,0,2.28201e+01,2.28201e+01,9.55615e-01,0.00000e+00
nan,nan,nan,nan,nan,nan,0,2.28583e+01,2.28583e+01,9.55615e-01,0.00000e+00
nan,nan,nan,nan,nan,nan,0,2.28965e+01,2.28965e+01,9.55615e-01,0.00000e+00
nan,nan,nan,nan,nan,nan,0,2.29348e+01,2.29348e+01,9.55615e-01,0.00000e+00
nan,nan,nan,nan,nan,nan,0,2.29730e+01,2.29730e+01,9.55615e-01,0.00000e+00
nan,nan,nan,nan,nan,nan,0,2.30112e+01,2.30112e+01,9.55615e-01,0.00000e+00
nan,nan,nan,nan,nan,nan,0,2.30494e+01,2.30494e+01,9.55615e-01,0.00000e+00
nan,nan,nan,nan,nan,nan,0,2.30877e+01,2.30877e+01,9.55615e-01,0.00000e+00
nan,nan,nan,nan,nan,nan,0,2.31259e+01,2.31259e+01,9.55615e-01,0.00000e+00
nan,nan,nan,nan,nan,nan,0,2.31641e+01,2.31641e+01,9.55615e-01,0.00000e+00
nan,nan,nan,nan,nan,nan,0,2.32023e+01,2.32023e+01,9.55615e-01,0.00000e+00
nan,nan,nan,nan,nan,nan,0,2.32406e+01,2.32406e+01,9.55615e-01,0.00000e+00
nan,nan,nan,nan,nan,nan,0,2.32788e+01,2.32788e+01,9.55615e-01,0.00000e+00
nan,nan,nan,nan,nan,nan,0,2.33170e+01,2.33170e+01,9.55615e-01,0.00000e+00
nan,nan,nan,nan,nan,nan,0,2.33552e+01,2.33552e+01,9.55615e-01,0.00000e+00
nan,nan,nan,nan,nan,nan,0,2.33935e+01,2.33935e+01,9.55615e-01,0.00000e+00
nan,nan,nan,nan,nan,nan,0,2.34317e+01,2.34317e+01,9.55615e-01,0.00000e+00
nan,nan,nan,nan,nan,nan,0,2.34699e+01,2.34699e+01,9.55615e-01,0.00000e+00
nan,nan,nan,nan,nan,nan,0,2.35081e+01,2.35081e+01,9.55615e-01,0.00000e+00
nan,nan,nan,nan,nan,nan,0,2.35464e+01,2.35464e+01,9.55615e-01,0.00000e+00
nan,nan,nan,nan,nan,nan,0,2.35846e+01,2.35846e+01,9.55615e-01,0.00000e+00
nan,nan,nan,nan,nan,nan,0,2.36228e+01,2.36228e+01,9.55615e-01,0.00000e+00
nan,nan,nan,nan,nan,nan,0,2.36610e+01,2.36610e+01,9.55615e-01,0.00000e+00
nan,nan,nan,nan,nan,nan,0,2.36993e+01,2.36993e+01,9.55615e-01,0.00000e+00
nan,nan,nan,nan,nan,nan,0,2.37375e+01,2.37375e+01,9.55615e-01,0.00000e+00
nan,nan,nan,nan,nan,nan,0,2.37757e+01,2.37757e+01,9.55615e-01,0.00000e+00
nan,nan,nan,nan,nan,nan,0,2.38139e+01,2.38139e+01,9.55615e-01,0.00000e+00
nan,nan,nan,nan,nan,nan,0,2.38522e+01,2.38522e+01,9.55615e-01,0.00000e+00
nan,nan,nan,nan,nan,nan,0,2.38904e+01,2.38904e+01,9.55615e-01,0.00000e+00
nan,nan,nan,nan,nan,nan,0,2.39286e+01,2.39286e+01,9.55615e-01,0.00000e+00
nan,nan,nan,nan,nan,nan,0,2.39668e+01,2.39668e+01,9.55615e-01,0.00000e+00
nan,nan,nan,nan,nan,nan,0,2.40051e+01,2.40051e+01,9.55615e-01,0.00000e+00
nan,nan,nan,nan,nan,nan,0,2.40433e+01,2.40433e+01,9.55615e-01,0.00000e+00
nan,nan,nan,nan,nan,nan,0,2.40815e+01,2.40815e+01,9.55615e-01,0.00000e+00
nan,nan,nan,nan,nan,nan,0,2.41197e+01,2.41197e+01,9.55615e-01,0.00000e+00
nan,nan,nan,nan,nan,nan,0,2.41579e+01,2.41579e+01,9.55615e-01,0.00000e+00
nan,nan,nan,nan,nan,nan,0,2.41962e+01,2.41962e+01,9.55615e-01,0.00000e+00
nan,nan,nan,nan,nan,nan,0,2.42344e+01,2.42344e+01,9.55615e-01,0.00000e+00
nan,nan,nan,nan,nan,nan,0,2.42726e+01,2.42726e+01,9.55615e-01,0.00000e+00
nan,nan,nan,nan,nan,nan,0,2.43108e+01,2.43108e+01,9.55615e-01,0.00000e+00
nan,nan,nan,nan,nan,nan,0,2.43491e+01,2.43491e+01,9.55615e-01,0.00000e+00
nan,nan,nan,nan,nan,nan,0,2.43873e+01,2.43873e+01,9.55615e-01,0.00000e+00
nan,nan,nan,nan,nan,nan,0,2.44255e+01,2.44255e+01,9.55615e-01,0.00000e+00
nan,nan,nan,nan,nan,nan,0,2.44637e+01,2.44637e+01,9.55615e-01,0.00000e+00
nan,nan,nan,nan,nan,nan,0,2.45020e+01,2.45020e+01,9.55615e-01,0.00000e+00
nan,nan,nan,nan,nan,nan,0,2.45402e+01,2.45402e+01,9.55615e-01,0.00000e+00
nan,nan,nan,nan,nan,nan,0,2.45784e+01,2.45784e+01,9.55615e-01,0.00000e+00
nan,nan,nan,nan,nan,nan,0,2.46166e+01,2.46166e+01,9.55615e-01,0.00000e+00
nan,nan,nan,nan,nan,nan,0,2.46549e+01,2.46549e+01,9.55615e-01,0.00000e+00
nan,nan,nan,nan,nan,nan,0,2.46931e+01,2.46931e+01,9.55615e-01,0.00000e+00
nan,nan,nan,nan,nan,nan,0,2.47313e+01,2.47313e+01,9.55615e-01,0.00000e+00
nan,nan,nan,nan,nan,nan,0,2.47695e+01,2.47695e+01,9.55615e-01,0.00000e+00
nan,nan,nan,nan,nan,nan,0,2.48078e+01,2.48078e+01,9.55615e-01,0.00000e+00
nan,nan,nan,nan,nan,nan,0,2.48460e+01,2.48460e+01,9.55615e-01,0.00000e+00
nan,nan,nan,nan,nan,nan,0,2.48842e+01,2.48842e+01,9.55615e-01,0.00000e+00
nan,nan,nan,nan,nan,nan,0,2.49224e+01,2.49224e+01,9.55615e-01,0.00000e+00
nan,nan,nan,nan,nan,nan,0,2.49607e+01,2.49607e+01,9.55615e-01,0.00000e+00
nan,nan,nan,nan,nan,nan,0,2.49989e+01,2.49989e+01,9.55615e-01,0.00000e+00
nan,nan,nan,nan,nan,nan,0,2.50371e+01,2.50371e+01,9.55615e-01,0.00000e+00
nan,nan,nan,nan,nan,nan,0,2.50753e+01,2.50753e+01,9.55615e-01,0.00000e+00
nan,nan,nan,nan,nan,nan,0,2.51136e+01,2.51136e+01,9.55615e-01,0.00000e+00
nan,nan,nan,nan,nan,nan,0,2.51518e+01,2.51518e+01,9.55615e-01,0.00000e+00
nan,nan,nan,nan,nan,nan,0,2.51900e+01,2.51900e+01,9.55615e-01,0.00000e+00
nan,nan,nan,nan,nan,nan,0,2.52282e+01,2.52282e+01,9.55615e-01,0.00000e+00
nan,nan,nan,nan,nan,nan,0,2.52665e+01,2.52665e+01,9.55615e-01,0.00000e+00
nan,nan,nan,nan,nan,nan,0,2.53047e+01,2.53047e+01,9.55615e-01,0.00000e+00
nan,nan,nan,nan,nan,nan,0,2.53429e+01,2.53429e+01,9.55615e-01,0.00000e+00
nan,nan,nan,nan,nan,nan,0,2.53811e+01,2.53811e+01,9.55615e-01,0.00000e+00
nan,nan,nan,nan,nan,nan,0,2.54194e+01,2.54194e+01,9.55615e-01,0.00000e+00
nan,nan,nan,nan,nan,nan,0,2.54576e+01,2.54576e+01,9.55615e-01,0.00000e+00
nan,nan,nan,nan,nan,nan,0,2.54958e+01,2.54958e+01,9.55615e-01,0.00000e+00
nan,nan,nan,nan,nan,nan,0,2.55340e+01,2.55340e+01,9.55615e-01,0.00000e+00
nan,nan,nan,nan,nan,nan,0,2.55723e+01,2.55723e+01,9.55615e-01,0.00000e+00
nan,nan,nan,nan,nan,nan,0,2.56105e+01,2.56105e+01,9.55615e-01,0.00000e+00
nan,nan,nan,nan,nan,nan,0,2.56487e+01,2.56487e+01,9.55615e-01,0.00000e+00
nan,nan,nan,nan,nan,nan,0,2.56869e+01,2.56869e+01,9.55615e-01,0.00000e+00
nan,nan,nan,nan,nan,nan,0,2.57252e+01,2.57252e+01,9.55615e-01,0.00000e+00
nan,nan,nan,nan,nan,nan,0,2.57634e+01,2.57634e+01,9.55615e-01,0.00000e+00
nan,nan,nan,nan,nan,nan,0,2.58016e+01,2.58016e+01,9.55615e-01,0.00000e+00
nan,nan,nan,nan,nan,nan,0,2.58398e+01,2.58398e+01,9.55615e-01,0.00000e+00
nan,nan,nan,nan,nan,nan,0,2.58781e+01,2.58781e+01,9.55615e-01,0.00000e+00
nan,nan,nan,nan,nan,nan,0,2.59163e+01,2.59163e+01,9.55615e-01,0.00000e+00
nan,nan,nan,nan,nan,nan,0,2.59545e+01,2.59545e+01,9.55615e-01,0.00000e+00
nan,nan,nan,nan,nan,nan,0,2.59927e+01,2.59927e+01,9.55615e-01,0.00000e+00
nan,nan,nan,nan,nan,nan,0,2.60310e+01,2.60310e+01,9.55615e-01,0.00000e+00
nan,nan,nan,nan,nan,nan,0,2.60692e+01,2.60692e+01,9.55615e-01,0.00000e+00
nan,nan,nan,nan,nan,nan,0,2.61074e+01,2.61074e+01,9.55615e-01,0.00000e+00
nan,nan,nan,nan,nan,nan,0,2.61456e+01,2.61456e+01,9.55615e-01,0.00000e+00
nan,nan,nan,nan,nan,nan,0,2.61839e+01,2.61839e+01,9.55615e-01,0.00000e+00
nan,nan,nan,nan,nan,nan,0,2.62221e+01,2.62221e+01,9.55615e-01,0.00000e+00
nan,nan,nan,nan,nan,nan,0,2.62603e+01,2.62603e+01,9.55615e-01,0.00000e+00
nan,nan,nan,nan,nan,nan,0,2.62985e+01,2.62985e+01,9.55615e-01,0.00000e+00
nan,nan,nan,nan,nan,nan,0,2.63368e+01,2.63368e+01,9.55615e-01,0.00000e+00
nan,nan,nan,nan,nan,nan,0,2.63750e+01,2.63750e+01,9.55615e-01,0.00000e+00
nan,nan,nan,nan,nan,nan,0,2.64132e+01,2.64132e+01,9.55615e-01,0.00000e+00
nan,nan,nan,nan,nan,nan,0,2.64514e+01,2.64514e+01,9.55615e-01,0.00000e+00
nan,nan,nan,nan,nan,nan,0,2.64896e+01,2.64896e+01,9.55615e-01,0.00000e+00
nan,nan,nan,nan,nan,nan,0,2.65279e+01,2.65279e+01,9.55615e-01,0.00000e+00
nan,nan,nan,nan,nan,nan,0,2.65661e+01,2.65661e+01,9.55615e-01,0.00000e+00
nan,nan,nan,nan,nan,nan,0,2.66043e+01,2.66043e+01,9.55615e-01,0.00000e+00
nan,nan,nan,nan,nan,nan,0,2.66425e+01,2.66425e+01,9.55615e-01,0.00000e+00
nan,nan,nan,nan,nan,nan,0,2.66808e+01,2.66808e+01,9.55615e-01,0.00000e+00
nan,nan,nan,nan,nan,nan,0,2.67190e+01,2.67190e+01,9.55615e-01,0.00000e+00
nan,nan,nan,nan,nan,nan,0,2.67572e+01,2.67572e+01,9.55615e-01,0.00000e+00
nan,nan,nan,nan,nan,nan,0,2.67954e+01,2.67954e+01,9.55615e-01,0.00000e+00
nan,nan,nan,nan,nan,nan,0,2.68337e+01,2.68337e+01,9.55615e-01,0.00000e+00
nan,nan,nan,nan,nan,nan,0,2.68719e+01,2.68719e+01,9.55615e-01,0.00000e+00
nan,nan,nan,nan,nan,nan,0,2.69101e+01,2.69101e+01,9.55615e-01,0.00000e+00
nan,nan,nan,nan,nan,nan,0,2.69483e+01,2.69483e+01,9.55615e-01,0.00000e+00
nan,nan,nan,nan,nan,nan,0,2.69866e+01,2.69866e+01,9.55615e-01,0.00000e+00
nan,nan,nan,nan,nan,nan,0,2.70248e+01,2.70248e+01,9.55615e-01,0.00000e+00
nan,nan,nan,nan,nan,nan,0,2.70630e+01,2.70630e+01,9.55615e-01,0.00000e+00
nan,nan,nan,nan,nan,nan,0,2.71012e+01,2.71012e+01,9.55615e-01,0.00000e+00
nan,nan,nan,nan,nan,nan,0,2.71395e+01,2.71395e+01,9.55615e-01,0.00000e+00
nan,nan,nan,nan,nan,nan,0,2.71777e+01,2.71777e+01,9.55615e-01,0.00000e+00
nan,nan,nan,nan,nan,nan,0,2.72159e+01,2.72159e+01,9.55615e-01,0.00000e+00
nan,nan,nan,nan,nan,nan,0,2.72541e+01,2.72541e+01,9.55615e-01,0.00000e+00
nan,nan,nan,nan,nan,nan,0,2.72924e+01,2.72924e+01,9.55615e-01,0.00000e+00
nan,nan,nan,nan,nan,nan,0,2.73306e+01,2.73306e+01,9.55615e-01,0.00000e+00
nan,nan,nan,nan,nan,nan,0,2.73688e+01,2.73688e+01,9.55615e-01,0.00000e+00
nan,nan,nan,nan,nan,nan,0,2.74070e+01,2.74070e+01,9.55615e-01,0.00000e+00
nan,nan,nan,nan,nan,nan,0,2.74453e+01,2.74453e+01,9.55615e-01,0.00000e+00
nan,nan,nan,nan,nan,nan,0,2.74835e+01,2.74835e+01,9.55615e-01,0.00000e+00
nan,nan,nan,nan,nan,nan,0,2.75217e+01,2.75217e+01,9.55615e-01,0.00000e+00
nan,nan,nan,nan,nan,nan,0,2.75599e+01,2.75599e+01,9.55615e-01,0.00000e+00
nan,nan,nan,nan,nan,nan,0,2.75982e+01,2.75982e+01,9.55615e-01,0.00000e+00
nan,nan,nan,nan,nan,nan,0,2.76364e+01,2.76364e+01,9.55615e-01,0.00000e+00
nan,nan,nan,nan,nan,nan,0,2.76746e+01,2.76746e+01,9.55615e-01,0.00000e+00
nan,nan,nan,nan,nan,nan,0,2.77128e+01,2.77128e+01,9.55615e-01,0.00000e+00
nan,nan,nan,nan,nan,nan,0,2.77511e+01,2.77511e+01,9.55615e-01,0.00000e+00
nan,nan,nan,nan,nan,nan,0,2.77893e+01,2.77893e+01,9.55615e-01,0.00000e+00
nan,nan,nan,nan,nan,nan,0,2.78275e+01,2.78275e+01,9.55615e-01,0.00000e+00
nan,nan,nan,nan,nan,nan,0,2.78657e+01,2.78657e+01,9.55615e-01,0.00000e+00
nan,nan,nan,nan,nan,nan,0,2.79040e+01,2.79040e+01,9.55615e-01,0.00000e+00
nan,nan,nan,nan,nan,nan,0,2.79422e+01,2.79422e+01,9.55615e-01,0.00000e+00
nan,nan,nan,nan,nan,nan,0,2.79804e+01,2.79804e+01,9.55615e-01,0.00000e+00
nan,nan,nan,nan,nan,nan,0,2.80186e+01,2.80186e+01,9.55615e-01,0.00000e+00
nan,nan,nan,nan,nan,nan,0,2.80569e+01,2.80569e+01,9.55615e-01,0.00000e+00
nan,nan,nan,nan,nan,nan,0,2.80951e+01,2.80951e+01,9.55615e-01,0.00000e+00
nan,nan,nan,nan,nan,nan,0,2.81333e+01,2.81333e+01,9.55615e-01,0.00000e+00
nan,nan,nan,nan,nan,nan,0,2.81715e+01,2.81715e+01,9.55615e-01,0.00000e+00
nan,nan,nan,nan,nan,nan,0,2.82098e+01,2.82098e+01,9.55615e-01,0.00000e+00
nan,nan,nan,nan,nan,nan,0,2.82480e+01,2.82480e+01,9.55615e-01,0.00000e+00
nan,nan,nan,nan,nan,nan,0,2.82862e+01,2.82862e+01,9.55615e-01,0.00000e+00
nan,nan,nan,nan,nan,nan,0,2.83244e+01,2.83244e+01,9.55615e-01,0.00000e+00
nan,nan,nan,nan,nan,nan,0,2.83627e+01,2.83627e+01,9.55615e-01,0.00000e+00
nan,nan,nan,nan,nan,nan,0,2.84009e+01,2.84009e+01,9.55615e-01,0.00000e+00
nan,nan,nan,nan,nan,nan,0,2.84391e+01,2.84391e+01,9.55615e-01,0.00000e+00
nan,nan,nan,nan,nan,nan,0,2.84773e+01,2.84773e+01,9.55615e-01,0.00000e+00
nan,nan,nan,nan,nan,nan,0,2.85156e+01,2.85156e+01,9.55615e-01,0.00000e+00
nan,nan,nan,nan,nan,nan,0,2.85538e+01,2.85538e+01,9.55615e-01,0.00000e+00
nan,nan,nan,nan,nan,nan,0,2.85920e+01,2.85920e+01,9.55615e-01,0.00000e+00
nan,nan,nan,nan,nan,nan,0,2.86302e+01,2.86302e+01,9.55615e-01,0.00000e+00
nan,nan,nan,nan,nan,nan,0,2.86685e+01,2.86685e+01,9.55615e-01,0.00000e+00
nan,nan,nan,nan,nan,nan,0,2.87067e+01,2.87067e+01,9.55615e-01,0.00000e+00
nan,nan,nan,nan,nan,nan,0,2.87449e+01,2.87449e+01,9.55615e-01,0.00000e+00
nan,nan,nan,nan,nan,nan,0,2.87831e+01,2.87831e+01,9.55615e-01,0.00000e+00
nan,nan,nan,nan,nan,nan,0,2.88214e+01,2.88214e+01,9.55615e-01,0.00000e+00
nan,nan,nan,nan,nan,nan,0,2.88596e+01,2.88596e+01,9.55615e-01,0.00000e+00
nan,nan,nan,nan,nan,nan,0,2.88978e+01,2.88978e+01,9.55615e-01,0.00000e+00
nan,nan,nan,nan,nan,nan,0,2.89360e+01,2.89360e+01,9.55615e-01,0.00000e+00
nan,nan,nan,nan,nan,nan,0,2.89742e+01,2.89742e+01,9.55615e-01,0.00000e+00
nan,nan,nan,nan,nan,nan,0,2.90125e+01,2.90125e+01,9.55615e-01,0.00000e+00
nan,nan,nan,nan,nan,nan,0,2.90507e+01,2.90507e+01,9.55615e-01,0.00000e+00
nan,nan,nan,nan,nan,nan,0,2.90889e+01,2.90889e+01,9.55615e-01,0.00000e+00
nan,nan,nan,nan,nan,nan,0,2.91271e+01,2.91271e+01,9.55615e-01,0.00000e+00
nan,nan,nan,nan,nan,nan,0,2.91654e+01,2.91654e+01,9.55615e-01,0.00000e+00
nan,nan,nan,nan,nan,nan,0,2.92036e+01,2.92036e+01,9.55615e-01,0.00000e+00
nan,nan,nan,nan,nan,nan,0,2.92418e+01,2.92418e+01,9.55615e-01,0.00000e+00
nan,nan,nan,nan,nan,nan,0,2.92800e+01,2.92800e+01,9.55615e-01,0.00000e+00
nan,nan,nan,nan,nan,nan,0,2.93183e+01,2.93183e+01,9.55615e-01,0.00000e+00
nan,nan,nan,nan,nan,nan,0,2.93565e+01,2.93565e+01,9.55615e-01,0.00000e+00
nan,nan,nan,nan,nan,nan,0,2.93947e+01,2.93947e+01,9.55615e-01,0.00000e+00
nan,nan,nan,nan,nan,nan,0,2.94329e+01,2.94329e+01,9.55615e-01,0.00000e+00
nan,nan,nan,nan,nan,nan,0,2.94712e+01,2.94712e+01,9.55615e-01,0.00000e+00
nan,nan,nan,nan,nan,nan,0,2.95094e+01,2.95094e+01,9.55615e-01,0.00000e+00
nan,nan,nan,nan,nan,nan,0,2.95476e+01,2.95476e+01,9.55615e-01,0.00000e+00
nan,nan,nan,nan,nan,nan,0,2.95858e+01,2.95858e+01,9.55615e-01,0.00000e+00
nan,nan,nan,nan,nan,nan,0,2.96241e+01,2.96241e+01,9.55615e-01,0.00000e+00
nan,nan,nan,nan,nan,nan,0,2.96623e+01,2.96623e+01,9.55615e-01,0.00000e+00
nan,nan,nan,nan,nan,nan,0,2.97005e+01,2.97005e+01,9.55615e-01,0.00000e+00
nan,nan,nan,nan,nan,nan,0,2.97387e+01,2.97387e+01,9.55615e-01,0.00000e+00
nan,nan,nan,nan,nan,nan,0,2.97770e+01,2.97770e+01,9.55615e-01,0.00000e+00
nan,nan,nan,nan,nan,nan,0,2.98152e+01,2.98152e+01,9.55615e-01,0.00000e+00
nan,nan,nan,nan,nan,nan,0,2.98534e+01,2.98534e+01,9.55615e-01,0.00000e+00
nan,nan,nan,nan,nan,nan,0,2.98916e+01,2.98916e+01,9.55615e-01,0.00000e+00
nan,nan,nan,nan,nan,nan,0,2.99299e+01,2.99299e+01,9.55615e-01,0.00000e+00
nan,nan,nan,nan,nan,nan,0,2.99681e+01,2.99681e+01,9.55615e-01,0.00000e+00
nan,nan,nan,nan,nan,nan,0,3.00063e+01,3.00063e+01,9.55615e-01,0.00000e+00
nan,nan,nan,nan,nan,nan,0,3.00445e+01,3.00445e+01,9.55615e-01,0.00000e+00
nan,nan,nan,nan,nan,nan,0,3.00828e+01,3.00828e+01,9.55615e-01,0.00000e+00
nan,nan,nan,nan,nan,nan,0,3.01210e+01,3.01210e+01,9.55615e-01,0.00000e+00
nan,nan,nan,nan,nan,nan,0,3.01592e+01,3.01592e+01,9.55615e-01,0.00000e+00
nan,nan,nan,nan,nan,nan,0,3.01974e+01,3.01974e+01,9.55615e-01,0.00000e+00
nan,nan,nan,nan,nan,nan,0,3.02357e+01,3.02357e+01,9.55615e-01,0.00000e+00
nan,nan,nan,nan,nan,nan,0,3.02739e+01,3.02739e+01,9.55615e-01,0.00000e+00
nan,nan,nan,nan,nan,nan,0,3.03121e+01,3.03121e+01,9.55615e-01,0.00000e+00
nan,nan,nan,nan,nan,nan,0,3.03503e+01,3.03503e+01,9.55615e-01,0.00000e+00
nan,nan,nan,nan,nan,nan,0,3.03886e+01,3.03886e+01,9.55615e-01,0.00000e+00
nan,nan,nan,nan,nan,nan,0,3.04268e+01,3.04268e+01,9.55615e-01,0.00000e+00
nan,nan,nan,nan,nan,nan,0,3.04650e+01,3.04650e+01,9.55615e-01,0.00000e+00
nan,nan,nan,nan,nan,nan,0,3.05032e+01,3.05032e+01,9.55615e-01,0.00000e+00
nan,nan,nan,nan,nan,nan,0,3.05415e+01,3.05415e+01,9.55615e-01,0.00000e+00
nan,nan,nan,nan,nan,nan,0,3.05797e+01,3.05797e+01,9.55615e-01,0.00000e+00
nan,nan,nan,nan,nan,nan,0,3.06179e+01,3.06179e+01,9.55615e-01,0.00000e+00
nan,nan,nan,nan,nan,nan,0,3.06561e+01,3.06561e+01,9.55615e-01,0.00000e+00
nan,nan,nan,nan,nan,nan,0,3.06944e+01,3.06944e+01,9.55615e-01,0.00000e+00
nan,nan,nan,nan,nan,nan,0,3.07326e+01,3.07326e+01,9.55615e-01,0.00000e+00
nan,nan,nan,nan,nan,nan,0,3.07708e+01,3.07708e+01,9.55615e-01,0.00000e+00
nan,nan,nan,nan,nan,nan,0,3.08090e+01,3.08090e+01,9.55615e-01,0.00000e+00
nan,nan,nan,nan,nan,nan,0,3.08473e+01,3.08473e+01,9.55615e-01,0.00000e+00
nan,nan,nan,nan,nan,nan,0,3.08855e+01,3.08855e+01,9.55615e-01,0.00000e+00
nan,nan,nan,nan,nan,nan,0,3.09237e+01,3.09237e+01,9.55615e-01,0.00000e+00
nan,nan,nan,nan,nan,nan,0,3.09619e+01,3.09619e+01,9.55615e-01,0.00000e+00
nan,nan,nan,nan,nan,nan,0,3.10002e+01,3.10002e+01,9.55615e-01,0.00000e+00
nan,nan,nan,nan,nan,nan,0,3.10384e+01,3.10384e+01,9.55615e-01,0.00000e+00
nan,nan,nan,nan,nan,nan,0,3.10766e+01,3.10766e+01,9.55615e-01,0.00000e+00
nan,nan,nan,nan,nan,nan,0,3.11148e+01,3.11148e+01,9.55615e-01,0.00000e+00
nan,nan,nan,nan,nan,nan,0,3.11531e+01,3.11531e+01,9.55615e-01,0.00000e+00
nan,nan,nan,nan,nan,nan,0,3.11913e+01,3.11913e+01,9.55615e-01,0.00000e+00
nan,nan,nan,nan,nan,nan,0,3.12295e+01,3.12295e+01,9.55615e-01,0.00000e+00
nan,nan,nan,nan,nan,nan,0,3.12677e+01,3.12677e+01,9.55615e-01,0.00000e+00
nan,nan,nan,nan,nan,nan,0,3.13059e+01,3.13059e+01,9.55615e-01,0.00000e+00
nan,nan,nan,nan,nan,nan,0,3.13442e+01,3.13442e+01,9.55615e-01,0.00000e+00
nan,nan,nan,nan,nan,nan,0,3.13824e+01,3.13824e+01,9.55615e-01,0.00000e+00
nan,nan,nan,nan,nan,nan,0,3.14206e+01,3.14206e+01,9.55615e-01,0.00000e+00
nan,nan,nan,nan,nan,nan,0,3.14588e+01,3.14588e+01,9.55615e-01,0.00000e+00
nan,nan,nan,nan,nan,nan,0,3.14971e+01,3.14971e+01,9.55615e-01,0.00000e+00
nan,nan,nan,nan,nan,nan,0,3.15353e+01,3.15353e+01,9.55615e-01,0.00000e+00
nan,nan,nan,nan,nan,nan,0,3.15735e+01,3.15735e+01,9.55615e-01,0.00000e+00
nan,nan,nan,nan,nan,nan,0,3.16117e+01,3.16117e+01,9.55615e-01,0.00000e+00
nan,nan,nan,nan,nan,nan,0,3.16500e+01,3.16500e+01,9.55615e-01,0.00000e+00
nan,nan,nan,nan,nan,nan,0,3.16882e+01,3.16882e+01,9.55615e-01,0.00000e+00
nan,nan,nan,nan,nan,nan,0,3.17264e+01,3.17264e+01,9.55615e-01,0.00000e+00
nan,nan,nan,nan,nan,nan,0,3.17646e+01,3.17646e+01,9.55615e-01,0.00000e+00
nan,nan,nan,nan,nan,nan,0,3.18029e+01,3.18029e+01,9.55615e-01,0.00000e+00
nan,nan,nan,nan,nan,nan,0,3.18411e+01,3.18411e+01,9.55615e-01,0.00000e+00
nan,nan,nan,nan,nan,nan,0,3.18793e+01,3.18793e+01,9.55615e-01,0.00000e+00
nan,nan,nan,nan,nan,nan,0,3.19175e+01,3.19175e+01,9.55615e-01,0.00000e+00
nan,nan,nan,nan,nan,nan,0,3.19558e+01,3.19558e+01,9.55615e-01,0.00000e+00
nan,nan,nan,nan,nan,nan,0,3.19940e+01,3.19940e+01,9.55615e-01,0.00000e+00
nan,nan,nan,nan,nan,nan,0,3.20322e+01,3.20322e+01,9.55615e-01,0.00000e+00
nan,nan,nan,nan,nan,nan,0,3.20704e+01,3.20704e+01,9.55615e-01,0.00000e+00
nan,nan,nan,nan,nan,nan,0,3.21087e+01,3.21087e+01,9.55615e-01,0.00000e+00
nan,nan,nan,nan,nan,nan,0,3.21469e+01,3.21469e+01,9.55615e-01,0.00000e+00
nan,nan,nan,nan,nan,nan,0,3.21851e+01,3.21851e+01,9.55615e-01,0.00000e+00
nan,nan,nan,nan,nan,nan,0,3.22233e+01,3.22233e+01,9.55615e-01,0.00000e+00
nan,nan,nan,nan,nan,nan,0,3.22616e+01,3.22616e+01,9.55615e-01,0.00000e+00
nan,nan,nan,nan,nan,nan,0,3.22998e+01,3.22998e+01,9.55615e-01,0.00000e+00
nan,nan,nan,nan,nan,nan,0,3.23380e+01,3.23380e+01,9.55615e-01,0.00000e+00
nan,nan,nan,nan,nan,nan,0,3.23762e+01,3.23762e+01,9.55615e-01,0.00000e+00
nan,nan,nan,nan,nan,nan,0,3.24145e+01,3.24145e+01,9.55615e-01,0.00000e+00
nan,nan,nan,nan,nan,nan,0,3.24527e+01,3.24527e+01,9.55615e-01,0.00000e+00
nan,nan,nan,nan,nan,nan,0,3.24909e+01,3.24909e+01,9.55615e-01,0.00000e+00
nan,nan,nan,nan,nan,nan,0,3.25291e+01,3.25291e+01,9.55615e-01,0.00000e+00
nan,nan,nan,nan,nan,nan,0,3.25674e+01,3.25674e+01,9.55615e-01,0.00000e+00
nan,nan,nan,nan,nan,nan,0,3.26056e+01,3.26056e+01,9.55615e-01,0.00000e+00
nan,nan,nan,nan,nan,nan,0,3.26438e+01,3.26438e+01,9.55615e-01,0.00000e+00
nan,nan,nan,nan,nan,nan,0,3.26820e+01,3.26820e+01,9.55615e-01,0.00000e+00
nan,nan,nan,nan,nan,nan,0,3.27203e+01,3.27203e+01,9.55615e-01,0.00000e+00
nan,nan,nan,nan,nan,nan,0,3.27585e+01,3.27585e+01,9.55615e-01,0.00000e+00
nan,nan,nan,nan,nan,nan,0,3.27967e+01,3.27967e+01,9.55615e-01,0.00000e+00
nan,nan,nan,nan,nan,nan,0,3.28349e+01,3.28349e+01,9.55615e-01,0.00000e+00
nan,nan,nan,nan,nan,nan,0,3.28732e+01,3.28732e+01,9.55615e-01,0.00000e+00
nan,nan,nan,nan,nan,nan,0,3.29114e+01,3.29114e+01,9.55615e-01,0.00000e+00
nan,nan,nan,nan,nan,nan,0,3.29496e+01,3.29496e+01,9.55615e-01,0.00000e+00
nan,nan,nan,nan,nan,nan,0,3.29878e+01,3.29878e+01,9.55615e-01,0.00000e+00
nan,nan,nan,nan,nan,nan,0,3.30261e+01,3.30261e+01,9.55615e-01,0.00000e+00
nan,nan,nan,nan,nan,nan,0,3.30643e+01,3.30643e+01,9.55615e-01,0.00000e+00
nan,nan,nan,nan,nan,nan,0,3.31025e+01,3.31025e+01,9.55615e-01,0.00000e+00
nan,nan,nan,nan,nan,nan,0,3.31407e+01,3.31407e+01,9.55615e-01,0.00000e+00
nan,nan,nan,nan,nan,nan,0,3.31790e+01,3.31790e+01,9.55615e-01,0.00000e+00
nan,nan,nan,nan,nan,nan,0,3.32172e+01,3.32172e+01,9.55615e-01,0.00000e+00
nan,nan,nan,nan,nan,nan,0,3.32554e+01,3.32554e+01,9.55615e-01,0.00000e+00
nan,nan,nan,nan,nan,nan,0,3.32936e+01,3.32936e+01,9.55615e-01,0.00000e+00
nan,nan,nan,nan,nan,nan,0,3.33319e+01,3.33319e+01,9.55615e-01,0.00000e+00
nan,nan,nan,nan,nan,nan,0,3.33701e+01,3.33701e+01,9.55615e-01,0.00000e+00
nan,nan,nan,nan,nan,nan,0,3.34083e+01,3.34083e+01,9.55615e-01,0.00000e+00
nan,nan,nan,nan,nan,nan,0,3.34465e+01,3.34465e+01,9.55615e-01,0.00000e+00
nan,nan,nan,nan,nan,nan,0,3.34848e+01,3.34848e+01,9.55615e-01,0.00000e+00
nan,nan,nan,nan,nan,nan,0,3.35230e+01,3.35230e+01,9.55615e-01,0.00000e+00
nan,nan,nan,nan,nan,nan,0,3.35612e+01,3.35612e+01,9.55615e-01,0.00000e+00
nan,nan,nan,nan,nan,nan,0,3.35994e+01,3.35994e+01,9.55615e-01,0.00000e+00
nan,nan,nan,nan,nan,nan,0,3.36376e+01,3.36376e+01,9.55615e-01,0.00000e+00
nan,nan,nan,nan,nan,nan,0,3.36759e+01,3.36759e+01,9.55615e-01,0.00000e+00
nan,nan,nan,nan,nan,nan,0,3.37141e+01,3.37141e+01,9.55615e-01,0.00000e+00
nan,nan,nan,nan,nan,nan,0,3.37523e+01,3.37523e+01,9.55615e-01,0.00000e+00
nan,nan,nan,nan,nan,nan,0,3.37905e+01,3.37905e+01,9.55615e-01,0.00000e+00
nan,nan,nan,nan,nan,nan,0,3.38288e+01,3.38288e+01,9.55615e-01,0.00000e+00
nan,nan,nan,nan,nan,nan,0,3.38670e+01,3.38670e+01,9.55615e-01,0.00000e+00
nan,nan,nan,nan,nan,nan,0,3.39052e+01,3.39052e+01,9.55615e-01,0.00000e+00
nan,nan,nan,nan,nan,nan,0,3.39434e+01,3.39434e+01,9.55615e-01,0.00000e+00
nan,nan,nan,nan,nan,nan,0,3.39817e+01,3.39817e+01,9.55615e-01,0.00000e+00
nan,nan,nan,nan,nan,nan,0,3.40199e+01,3.40199e+01,9.55615e-01,0.00000e+00
nan,nan,nan,nan,nan,nan,0,3.40581e+01,3.40581e+01,9.55615e-01,0.00000e+00
nan,nan,nan,nan,nan,nan,0,3.40963e+01,3.40963e+01,9.55615e-01,0.00000e+00
nan,nan,nan,nan,nan,nan,0,3.41346e+01,3.41346e+01,9.55615e-01,0.00000e+00
nan,nan,nan,nan,nan,nan,0,3.41728e+01,3.41728e+01,9.55615e-01,0.00000e+00
nan,nan,nan,nan,nan,nan,0,3.42110e+01,3.42110e+01,9.55615e-01,0.00000e+00
nan,nan,nan,nan,nan,nan,0,3.42492e+01,3.42492e+01,9.55615e-01,0.00000e+00
nan,nan,nan,nan,nan,nan,0,3.42875e+01,3.42875e+01,9.55615e-01,0.00000e+00
nan,nan,nan,nan,nan,nan,0,3.43257e+01,3.43257e+01,9.55615e-01,0.00000e+00
nan,nan,nan,nan,nan,nan,0,3.43639e+01,3.43639e+01,9.55615e-01,0.00000e+00
nan,nan,nan,nan,nan,nan,0,3.44021e+01,3.44021e+01,9.55615e-01,0.00000e+00
nan,nan,nan,nan,nan,nan,0,3.44404e+01,3.44404e+01,9.55615e-01,0.00000e+00
nan,nan,nan,nan,nan,nan,0,3.44786e+01,3.44786e+01,9.55615e-01,0.00000e+00
nan,nan,nan,nan,nan,nan,0,3.45168e+01,3.45168e+01,9.55615e-01,0.00000e+00
nan,nan,nan,nan,nan,nan,0,3.45550e+01,3.45550e+01,9.55615e-01,0.00000e+00
nan,nan,nan,nan,nan,nan,0,3.45933e+01,3.45933e+01,9.55615e-01,0.00000e+00
nan,nan,nan,nan,nan,nan,0,3.46315e+01,3.46315e+01,9.55615e-01,0.00000e+00
nan,nan,nan,nan,nan,nan,0,3.46697e+01,3.46697e+01,9.55615e-01,0.00000e+00
nan,nan,nan,nan,nan,nan,0,3.47079e+01,3.47079e+01,9.55615e-01,0.00000e+00
nan,nan,nan,nan,nan,nan,0,3.47462e+01,3.47462e+01,9.55615e-01,0.00000e+00
nan,nan,nan,nan,nan,nan,0,3.47844e+01,3.47844e+01,9.55615e-01,0.00000e+00
nan,nan,nan,nan,nan,nan,0,3.48226e+01,3.48226e+01,9.55615e-01,0.00000e+00
nan,nan,nan,nan,nan,nan,0,3.48608e+01,3.48608e+01,9.55615e-01,0.00000e+00
nan,nan,nan,nan,nan,nan,0,3.48991e+01,3.48991e+01,9.55615e-01,0.00000e+00
nan,nan,nan,nan,nan,nan,0,3.49373e+01,3.49373e+01,9.55615e-01,0.00000e+00
nan,nan,nan,nan,nan,nan,0,3.49755e+01,3.49755e+01,9.55615e-01,0.00000e+00
nan,nan,nan,nan,nan,nan,0,3.50137e+01,3.50137e+01,9.55615e-01,0.00000e+00
nan,nan,nan,nan,nan,nan,0,3.50520e+01,3.50520e+01,9.55615e-01,0.00000e+00
nan,nan,nan,nan,nan,nan,0,3.50902e+01,3.50902e+01,9.55615e-01,0.00000e+00
nan,nan,nan,nan,nan,nan,0,3.51284e+01,3.51284e+01,9.55615e-01,0.00000e+00
nan,nan,nan,nan,nan,nan,0,3.51666e+01,3.51666e+01,9.55615e-01,0.00000e+00
nan,nan,nan,nan,nan,nan,0,3.52049e+01,3.52049e+01,9.55615e-01,0.00000e+00
nan,nan,nan,nan,nan,nan,0,3.52431e+01,3.52431e+01,9.55615e-01,0.00000e+00
nan,nan,nan,nan,nan,nan,0,3.52813e+01,3.52813e+01,9.55615e-01,0.00000e+00
nan,nan,nan,nan,nan,nan,0,3.53195e+01,3.53195e+01,9.55615e-01,0.00000e+00
nan,nan,nan,nan,nan,nan,0,3.53578e+01,3.53578e+01,9.55615e-01,0.00000e+00
nan,nan,nan,nan,nan,nan,0,3.53960e+01,3.53960e+01,9.55615e-01,0.00000e+00
nan,nan,nan,nan,nan,nan,0,3.54342e+01,3.54342e+01,9.55615e-01,0.00000e+00
nan,nan,nan,nan,nan,nan,0,3.54724e+01,3.54724e+01,9.55615e-01,0.00000e+00
nan,nan,nan,nan,nan,nan,0,3.55107e+01,3.55107e+01,9.55615e-01,0.00000e+00
nan,nan,nan,nan,nan,nan,0,3.55489e+01,3.55489e+01,9.55615e-01,0.00000e+00
nan,nan,nan,nan,nan,nan,0,3.55871e+01,3.55871e+01,9.55615e-01,0.00000e+00
nan,nan,nan,nan,nan,nan,0,3.56253e+01,3.56253e+01,9.55615e-01,0.00000e+00
nan,nan,nan,nan,nan,nan,0,3.56636e+01,3.56636e+01,9.55615e-01,0.00000e+00
nan,nan,nan,nan,nan,nan,0,3.57018e+01,3.57018e+01,9.55615e-01,0.00000e+00
nan,nan,nan,nan,nan,nan,0,3.57400e+01,3.57400e+01,9.55615e-01,0.00000e+00
nan,nan,nan,nan,nan,nan,0,3.57782e+01,3.57782e+01,9.55615e-01,0.00000e+00
nan,nan,nan,nan,nan,nan,0,3.58165e+01,3.58165e+01,9.55615e-01,0.00000e+00
nan,nan,nan,nan,nan,nan,0,3.58547e+01,3.58547e+01,9.55615e-01,0.00000e+00
nan,nan,nan,nan,nan,nan,0,3.58929e+01,3.58929e+01,9.55615e-01,0.00000e+00
nan,nan,nan,nan,nan,nan,0,3.59311e+01,3.59311e+01,9.55615e-01,0.00000e+00
nan,nan,nan,nan,nan,nan,0,3.59693e+01,3.59693e+01,9.55615e-01,0.00000e+00
nan,nan,nan,nan,nan,nan,0,3.60076e+01,3.60076e+01,9.55615e-01,0.00000e+00
nan,nan,nan,nan,nan,nan,0,3.60458e+01,3.60458e+01,9.55615e-01,0.00000e+00
nan,nan,nan,nan,nan,nan,0,3.60840e+01,3.60840e+01,9.55615e-01,0.00000e+00
nan,nan,nan,nan,nan,nan,0,3.61222e+01,3.61222e+01,9.55615e-01,0.00000e+00
nan,nan,nan,nan,nan,nan,0,3.61605e+01,3.61605e+01,9.55615e-01,0.00000e+00
nan,nan,nan,nan,nan,nan,0,3.61987e+01,3.61987e+01,9.55615e-01,0.00000e+00
nan,nan,nan,nan,nan,nan,0,3.62369e+01,3.62369e+01,9.55615e-01,0.00000e+00
nan,nan,nan,nan,nan,nan,0,3.62751e+01,3.62751e+01,9.55615e-01,0.00000e+00
nan,nan,nan,nan,nan,nan,0,3.63134e+01,3.63134e+01,9.55615e-01,0.00000e+00
nan,nan,nan,nan,nan,nan,0,3.63516e+01,3.63516e+01,9.55615e-01,0.00000e+00
nan,nan,nan,nan,nan,nan,0,3.63898e+01,3.63898e+01,9.55615e-01,0.00000e+00
nan,nan,nan,nan,nan,nan,0,3.64280e+01,3.64280e+01,9.55615e-01,0.00000e+00
nan,nan,nan,nan,nan,nan,0,3.64663e+01,3.64663e+01,9.55615e-01,0.00000e+00
nan,nan,nan,nan,nan,nan,0,3.65045e+01,3.65045e+01,9.55615e-01,0.00000e+00
nan,nan,nan,nan,nan,nan,0,3.65427e+01,3.65427e+01,9.55615e-01,0.00000e+00
nan,nan,nan,nan,nan,nan,0,3.65809e+01,3.65809e+01,9.55615e-01,0.00000e+00
nan,nan,nan,nan,nan,nan,0,3.66192e+01,3.66192e+01,9.55615e-01,0.00000e+00
nan,nan,nan,nan,nan,nan,0,3.66574e+01,3.66574e+01,9.55615e-01,0.00000e+00
nan,nan,nan,nan,nan,nan,0,3.66956e+01,3.66956e+01,9.55615e-01,0.00000e+00
nan,nan,nan,nan,nan,nan,0,3.67338e+01,3.67338e+01,9.55615e-01,0.00000e+00
nan,nan,nan,nan,nan,nan,0,3.67721e+01,3.67721e+01,9.55615e-01,0.00000e+00
nan,nan,nan,nan,nan,nan,0,3.68103e+01,3.68103e+01,9.55615e-01,0.00000e+00
nan,nan,nan,nan,nan,nan,0,3.68485e+01,3.68485e+01,9.55615e-01,0.00000e+00
nan,nan,nan,nan,nan,nan,0,3.68867e+01,3.68867e+01,9.55615e-01,0.00000e+00
nan,nan,nan,nan,nan,nan,0,3.69250e+01,3.69250e+01,9.55615e-01,0.00000e+00
nan,nan,nan,nan,nan,nan,0,3.69632e+01,3.69632e+01,9.55615e-01,0.00000e+00
nan,nan,nan,nan,nan,nan,0,3.70014e+01,3.70014e+01,9.55615e-01,0.00000e+00
nan,nan,nan,nan,nan,nan,0,3.70396e+01,3.70396e+01,9.55615e-01,0.00000e+00
nan,nan,nan,nan,nan,nan,0,3.70779e+01,3.70779e+01,9.55615e-01,0.00000e+00
nan,nan,nan,nan,nan,nan,0,3.71161e+01,3.71161e+01,9.55615e-01,0.00000e+00
nan,nan,nan,nan,nan,nan,0,3.71543e+01,3.71543e+01,9.55615e-01,0.00000e+00
nan,nan,nan,nan,nan,nan,0,3.71925e+01,3.71925e+01,9.55615e-01,0.00000e+00
nan,nan,nan,nan,nan,nan,0,3.72308e+01,3.72308e+01,9.55615e-01,0.00000e+00
nan,nan,nan,nan,nan,nan,0,3.72690e+01,3.72690e+01,9.55615e-01,0.00000e+00
nan,nan,nan,nan,nan,nan,0,3.73072e+01,3.73072e+01,9.55615e-01,0.00000e+00
nan,nan,nan,nan,nan,nan,0,3.73454e+01,3.73454e+01,9.55615e-01,0.00000e+00
nan,nan,nan,nan,nan,nan,0,3.73837e+01,3.73837e+01,9.55615e-01,0.00000e+00
nan,nan,nan,nan,nan,nan,0,3.74219e+01,3.74219e+01,9.55615e-01,0.00000e+00
nan,nan,nan,nan,nan,nan,0,3.74601e+01,3.74601e+01,9.55615e-01,0.00000e+00
nan,nan,nan,nan,nan,nan,0,3.74983e+01,3.74983e+01,9.55615e-01,0.00000e+00
nan,nan,nan,nan,nan,nan,0,3.75366e+01,3.75366e+01,9.55615e-01,0.00000e+00
nan,nan,nan,nan,nan,nan,0,3.75748e+01,3.75748e+01,9.55615e-01,0.00000e+00
nan,nan,nan,nan,nan,nan,0,3.76130e+01,3.76130e+01,9.55615e-01,0.00000e+00
nan,nan,nan,nan,nan,nan,0,3.76512e+01,3.76512e+01,9.55615e-01,0.00000e+00
nan,nan,nan,nan,nan,nan,0,3.76895e+01,3.76895e+01,9.55615e-01,0.00000e+00
nan,nan,nan,nan,nan,nan,0,3.77277e+01,3.77277e+01,9.55615e-01,0.00000e+00
nan,nan,nan,nan,nan,nan,0,3.77659e+01,3.77659e+01,9.55615e-01,0.00000e+00
nan,nan,nan,nan,nan,nan,0,3.78041e+01,3.78041e+01,9.55615e-01,0.00000e+00
nan,nan,nan,nan,nan,nan,0,3.78424e+01,3.78424e+01,9.55615e-01,0.00000e+00
nan,nan,nan,nan,nan,nan,0,3.78806e+01,3.78806e+01,9.55615e-01,0.00000e+00
nan,nan,nan,nan,nan,nan,0,3.79188e+01,3.79188e+01,9.55615e-01,0.00000e+00
nan,nan,nan,nan,nan,nan,0,3.79570e+01,3.79570e+01,9.55615e-01,0.00000e+00
nan,nan,nan,nan,nan,nan,0,3.79953e+01,3.79953e+01,9.55615e-01,0.00000e+00
nan,nan,nan,nan,nan,nan,0,3.80335e+01,3.80335e+01,9.55615e-01,0.00000e+00
nan,nan,nan,nan,nan,nan,0,3.80717e+01,3.80717e+01,9.55615e-01,0.00000e+00
nan,nan,nan,nan,nan,nan,0,3.81099e+01,3.81099e+01,9.55615e-01,0.00000e+00
nan,nan,nan,nan,nan,nan,0,3.81482e+01,3.81482e+01,9.55615e-01,0.00000e+00
nan,nan,nan,nan,nan,nan,0,3.81864e+01,3.81864e+01,9.55615e-01,0.00000e+00
nan,nan,nan,nan,nan,nan,0,3.82246e+01,3.82246e+01,9.55615e-01,0.00000e+00
