"Result","T","T_0","U:0","U:1","U:2","vtkValidPointMask","arc_length","Points:0","Points:1","Points:2"
0.00000e+00,1.00000e+00,1.00000e+00,9.47155e-02,0.00000e+00,0.00000e+00,1,0.00000e+00,0.00000e+00,9.55614e-01,0.00000e+00
-1.64900e-01,9.43842e-01,9.43842e-01,9.47155e-02,0.00000e+00,0.00000e+00,1,3.82246e-02,3.82246e-02,9.55614e-01,0.00000e+00
-3.29800e-01,8.87684e-01,8.87684e-01,9.47155e-02,0.00000e+00,0.00000e+00,1,7.64491e-02,7.64491e-02,9.55614e-01,0.00000e+00
-4.94700e-01,8.31526e-01,8.31526e-01,9.47155e-02,0.00000e+00,0.00000e+00,1,1.14674e-01,1.14674e-01,9.55614e-01,0.00000e+00
-6.59599e-01,7.75368e-01,7.75368e-01,9.47155e-02,0.00000e+00,0.00000e+00,1,1.52898e-01,1.52898e-01,9.55614e-01,0.00000e+00
-8.24499e-01,7.19210e-01,7.19210e-01,9.47155e-02,0.00000e+00,0.00000e+00,1,1.91123e-01,1.91123e-01,9.55614e-01,0.00000e+00
-9.89399e-01,6.63052e-01,6.63052e-01,9.47155e-02,0.00000e+00,0.00000e+00,1,2.29347e-01,2.29347e-01,9.55614e-01,0.00000e+00
-1.15430e+00,6.06895e-01,6.06895e-01,9.47155e-02,0.00000e+00,0.00000e+00,1,2.67572e-01,2.67572e-01,9.55614e-01,0.00000e+00
-1.31920e+00,5.50737e-01,5.50737e-01,9.47155e-02,0.00000e+00,0.00000e+00,1,3.05796e-01,3.05796e-01,9.55614e-01,0.00000e+00
-1.48410e+00,4.94579e-01,4.94579e-01,9.47155e-02,0.00000e+00,0.00000e+00,1,3.44021e-01,3.44021e-01,9.55614e-01,0.00000e+00
-1.64900e+00,4.38421e-01,4.38421e-01,9.47155e-02,0.00000e+00,0.00000e+00,1,3.82246e-01,3.82246e-01,9.55614e-01,0.00000e+00
-1.81390e+00,3.82263e-01,3.82263e-01,9.47155e-02,0.00000e+00,0.00000e+00,1,4.20470e-01,4.20470e-01,9.55614e-01,0.00000e+00
-1.97880e+00,3.26105e-01,3.26105e-01,9.47155e-02,0.00000e+00,0.00000e+00,1,4.58695e-01,4.58695e-01,9.55614e-01,0.00000e+00
-2.14370e+00,2.69947e-01,2.69947e-01,9.47155e-02,0.00000e+00,0.00000e+00,1,4.96919e-01,4.96919e-01,9.55614e-01,0.00000e+00
-2.30860e+00,2.13789e-01,2.13789e-01,9.47155e-02,0.00000e+00,0.00000e+00,1,5.35144e-01,5.35144e-01,9.55614e-01,0.00000e+00
-2.47350e+00,1.57631e-01,1.57631e-01,9.47155e-02,0.00000e+00,0.00000e+00,1,5.73368e-01,5.73368e-01,9.55614e-01,0.00000e+00
-2.63840e+00,1.01473e-01,1.01473e-01,9.47155e-02,0.00000e+00,0.00000e+00,1,6.11593e-01,6.11593e-01,9.55614e-01,0.00000e+00
-2.80330e+00,6.28360e-02,6.28360e-02,9.47155e-02,0.00000e+00,0.00000e+00,1,6.49818e-01,6.49818e-01,9.55614e-01,0.00000e+00
-2.96820e+00,5.92399e-02,5.92399e-02,9.47155e-02,0.00000e+00,0.00000e+00,1,6.88042e-01,6.88042e-01,9.55614e-01,0.00000e+00
-3.13310e+00,5.56439e-02,5.56439e-02,9.47155e-02,0.00000e+00,0.00000e+00,1,7.26267e-01,7.26267e-01,9.55614e-01,0.00000e+00
-3.29800e+00,5.20478e-02,5.20478e-02,9.47155e-02,0.00000e+00,0.00000e+00,1,7.64491e-01,7.64491e-01,9.55614e-01,0.00000e+00
-3.46290e+00,4.84518e-02,4.84518e-02,9.47155e-02,0.00000e+00,0.00000e+00,1,8.02716e-01,8.02716e-01,9.55614e-01,0.00000e+00
-3.62780e+00,4.48557e-02,4.48557e-02,9.47155e-02,0.00000e+00,0.00000e+00,1,8.40940e-01,8.40940e-01,9.55614e-01,0.00000e+00
-3.79270e+00,4.12597e-02,4.12597e-02,9.47155e-02,0.00000e+00,0.00000e+00,1,8.79165e-01,8.79165e-01,9.55614e-01,0.00000e+00
-3.95760e+00,3.76636e-02,3.76636e-02,9.47155e-02,0.00000e+00,0.00000e+00,1,9.17389e-01,9.17389e-01,9.55614e-01,0.00000e+00
-4.12250e+00,3.40676e-02,3.40676e-02,9.47155e-02,0.00000e+00,0.00000e+00,1,9.55614e-01,9.55614e-01,9.55614e-01,0.00000e+00
-4.28740e+00,3.04715e-02,3.04715e-02,9.47155e-02,0.00000e+00,0.00000e+00,1,9.93839e-01,9.93839e-01,9.55614e-01,0.00000e+00
-4.45230e+00,2.68754e-02,2.68754e-02,9.47155e-02,0.00000e+00,0.00000e+00,1,1.03206e+00,1.03206e+00,9.55614e-01,0.00000e+00
-4.61720e+00,2.32794e-02,2.32794e-02,9.47155e-02,0.00000e+00,0.00000e+00,1,1.07029e+00,1.07029e+00,9.55614e-01,0.00000e+00
-4.78210e+00,1.96833e-02,1.96833e-02,9.47155e-02,0.00000e+00,0.00000e+00,1,1.10851e+00,1.10851e+00,9.55614e-01,0.00000e+00
-4.94700e+00,1.60873e-02,1.60873e-02,9.47155e-02,0.00000e+00,0.00000e+00,1,1.14674e+00,1.14674e+00,9.55614e-01,0.00000e+00
-5.11190e+00,1.24912e-02,1.24912e-02,9.47155e-02,0.00000e+00,0.00000e+00,1,1.18496e+00,1.18496e+00,9.55614e-01,0.00000e+00
-5.27680e+00,8.89518e-03,8.89518e-03,9.47155e-02,0.00000e+00,0.00000e+00,1,1.22319e+00,1.22319e+00,9.55614e-01,0.00000e+00
-5.44170e+00,5.29912e-03,5.29912e-03,9.47155e-02,0.00000e+00,0.00000e+00,1,1.26141e+00,1.26141e+00,9.55614e-01,0.00000e+00
-5.60660e+00,3.94692e-03,3.94692e-03,9.47155e-02,0.00000e+00,0.00000e+00,1,1.29964e+00,1.29964e+00,9.55614e-01,0.00000e+00
-5.77150e+00,3.71665e-03,3.71665e-03,9.47155e-02,0.00000e+00,0.00000e+00,1,1.33786e+00,1.33786e+00,9.55614e-01,0.00000e+00
-5.93640e+00,3.48638e-03,3.48638e-03,9.47155e-02,0.00000e+00,0.00000e+00,1,1.37608e+00,1.37608e+00,9.55614e-01,0.00000e+00
-6.10130e+00,3.25610e-03,3.25610e-03,9.47155e-02,0.00000e+00,0.00000e+00,1,1.41431e+00,1.41431e+00,9.55614e-01,0.00000e+00
-6.26620e+00,3.02583e-03,3.02583e-03,9.47155e-02,0.00000e+00,0.00000e+00,1,1.45253e+00,1.45253e+00,9.55614e-01,0.00000e+00
-6.43110e+00,2.79556e-03,2.79556e-03,9.47155e-02,0.00000e+00,0.00000e+00,1,1.49076e+00,1.49076e+00,9.55614e-01,0.00000e+00
-6.59600e+00,2.56529e-03,2.56529e-03,9.47155e-02,0.00000e+00,0.00000e+00,1,1.52898e+00,1.52898e+00,9.55614e-01,0.00000e+00
-6.76090e+00,2.33502e-03,2.33502e-03,9.47155e-02,0.00000e+00,0.00000e+00,1,1.56721e+00,1.56721e+00,9.55614e-01,0.00000e+00
-6.92580e+00,2.10474e-03,2.10474e-03,9.47155e-02,0.00000e+00,0.00000e+00,1,1.60543e+00,1.60543e+00,9.55614e-01,0.00000e+00
-7.09070e+00,1.87447e-03,1.87447e-03,9.47155e-02,0.00000e+00,0.00000e+00,1,1.64366e+00,1.64366e+00,9.55614e-01,0.00000e+00
-7.25560e+00,1.64420e-03,1.64420e-03,9.47155e-02,0.00000e+00,0.00000e+00,1,1.68188e+00,1.68188e+00,9.55614e-01,0.00000e+00
-7.42050e+00,1.41393e-03,1.41393e-03,9.47155e-02,0.00000e+00,0.00000e+00,1,1.72011e+00,1.72011e+00,9.55614e-01,0.00000e+00
-7.58541e+00,1.18365e-03,1.18365e-03,9.47155e-02,0.00000e+00,0.00000e+00,1,1.75833e+00,1.75833e+00,9.55614e-01,0.00000e+00
-7.75031e+00,9.53382e-04,9.53382e-04,9.47155e-02,0.00000e+00,0.00000e+00,1,1.79655e+00,1.79655e+00,9.55614e-01,0.00000e+00
-7.91521e+00,7.23110e-04,7.23110e-04,9.47155e-02,0.00000e+00,0.00000e+00,1,1.83478e+00,1.83478e+00,9.55614e-01,0.00000e+00
-8.08011e+00,4.92838e-04,4.92838e-04,9.47155e-02,0.00000e+00,0.00000e+00,1,1.87300e+00,1.87300e+00,9.55614e-01,0.00000e+00
-8.24501e+00,2.62566e-04,2.62566e-04,9.47155e-02,0.00000e+00,0.00000e+00,1,1.91123e+00,1.91123e+00,9.55614e-01,0.00000e+00
-8.40991e+00,2.47821e-04,2.47821e-04,9.47155e-02,0.00000e+00,0.00000e+00,1,1.94945e+00,1.94945e+00,9.55614e-01,0.00000e+00
-8.57482e+00,2.33075e-04,2.33075e-04,9.47155e-02,0.00000e+00,0.00000e+00,1,1.98768e+00,1.98768e+00,9.55614e-01,0.00000e+00
-8.73972e+00,2.18330e-04,2.18330e-04,9.47155e-02,0.00000e+00,0.00000e+00,1,2.02590e+00,2.02590e+00,9.55614e-01,0.00000e+00
-8.90463e+00,2.03585e-04,2.03585e-04,9.47155e-02,0.00000e+00,0.00000e+00,1,2.06413e+00,2.06413e+00,9.55614e-01,0.00000e+00
-9.06953e+00,1.88840e-04,1.88840e-04,9.47155e-02,0.00000e+00,0.00000e+00,1,2.10235e+00,2.10235e+00,9.55614e-01,0.00000e+00
-9.23444e+00,1.74094e-04,1.74094e-04,9.47155e-02,0.00000e+00,0.00000e+00,1,2.14058e+00,2.14058e+00,9.55614e-01,0.00000e+00
-9.39934e+00,1.59349e-04,1.59349e-04,9.47155e-02,0.00000e+00,0.00000e+00,1,2.17880e+00,2.17880e+00,9.55614e-01,0.00000e+00
-9.56425e+00,1.44604e-04,1.44604e-04,9.47155e-02,0.00000e+00,0.00000e+00,1,2.21702e+00,2.21702e+00,9.55614e-01,0.00000e+00
-9.72915e+00,1.29859e-04,1.29859e-04,9.47155e-02,0.00000e+00,0.00000e+00,1,2.25525e+00,2.25525e+00,9.55614e-01,0.00000e+00
-9.89406e+00,1.15114e-04,1.15114e-04,9.47155e-02,0.00000e+00,0.00000e+00,1,2.29347e+00,2.29347e+00,9.55614e-01,0.00000e+00
-1.00590e+01,1.00368e-04,1.00368e-04,9.47155e-02,0.00000e+00,0.00000e+00,1,2.33170e+00,2.33170e+00,9.55614e-01,0.00000e+00
-1.02239e+01,8.56231e-05,8.56231e-05,9.47155e-02,0.00000e+00,0.00000e+00,1,2.36992e+00,2.36992e+00,9.55614e-01,0.00000e+00
-1.03888e+01,7.08778e-05,7.08778e-05,9.47155e-02,0.00000e+00,0.00000e+00,1,2.40815e+00,2.40815e+00,9.55614e-01,0.00000e+00
-1.05537e+01,5.61326e-05,5.61326e-05,9.47155e-02,0.00000e+00,0.00000e+00,1,2.44637e+00,2.44637e+00,9.55614e-01,0.00000e+00
-1.07186e+01,4.13873e-05,4.13873e-05,9.47155e-02,0.00000e+00,0.00000e+00,1,2.48460e+00,2.48460e+00,9.55614e-01,0.00000e+00
-1.08835e+01,2.66421e-05,2.66421e-05,9.47155e-02,0.00000e+00,0.00000e+00,1,2.52282e+00,2.52282e+00,9.55614e-01,0.00000e+00
-1.10484e+01,1.64972e-05,1.64972e-05,9.47155e-02,0.00000e+00,0.00000e+00,1,2.56105e+00,2.56105e+00,9.55614e-01,0.00000e+00
-1.12133e+01,1.55531e-05,1.55531e-05,9.47155e-02,0.00000e+00,0.00000e+00,1,2.59927e+00,2.59927e+00,9.55614e-01,0.00000e+00
-1.13782e+01,1.46089e-05,1.46089e-05,9.47155e-02,0.00000e+00,0.00000e+00,1,2.63749e+00,2.63749e+00,9.55614e-01,0.00000e+00
-1.15432e+01,1.36648e-05,1.36648e-05,9.47155e-02,0.00000e+00,0.00000e+00,1,2.67572e+00,2.67572e+00,9.55614e-01,0.00000e+00
-1.17081e+01,1.27206e-05,1.27206e-05,9.47155e-02,0.00000e+00,0.00000e+00,1,2.71394e+00,2.71394e+00,9.55614e-01,0.00000e+00
-1.18730e+01,1.17765e-05,1.17765e-05,9.47155e-02,0.00000e+00,0.00000e+00,1,2.75217e+00,2.75217e+00,9.55614e-01,0.00000e+00
-1.20379e+01,1.08324e-05,1.08324e-05,9.47155e-02,0.00000e+00,0.00000e+00,1,2.79039e+00,2.79039e+00,9.55614e-01,0.00000e+00
-1.22028e+01,9.88821e-06,9.88821e-06,9.47155e-02,0.00000e+00,0.00000e+00,1,2.82862e+00,2.82862e+00,9.55614e-01,0.00000e+00
-1.23678e+01,8.94406e-06,8.94406e-06,9.47155e-02,0.00000e+00,0.00000e+00,1,2.86684e+00,2.86684e+00,9.55614e-01,0.00000e+00
-1.25327e+01,7.99992e-06,7.99992e-06,9.47155e-02,0.00000e+00,0.00000e+00,1,2.90507e+00,2.90507e+00,9.55614e-01,0.00000e+00
-1.26976e+01,7.05577e-06,7.05577e-06,9.47155e-02,0.00000e+00,0.00000e+00,1,2.94329e+00,2.94329e+00,9.55614e-01,0.00000e+00
-1.28625e+01,6.11163e-06,6.11163e-06,9.47155e-02,0.00000e+00,0.00000e+00,1,2.98152e+00,2.98152e+00,9.55614e-01,0.00000e+00
-1.30274e+01,5.16749e-06,5.16749e-06,9.47155e-02,0.00000e+00,0.00000e+00,1,3.01974e+00,3.01974e+00,9.55614e-01,0.00000e+00
-1.31923e+01,4.22334e-06,4.22334e-06,9.47155e-02,0.00000e+00,0.00000e+00,1,3.05796e+00,3.05796e+00,9.55614e-01,0.00000e+00
-1.33573e+01,3.27920e-06,3.27920e-06,9.47155e-02,0.00000e+00,0.00000e+00,1,3.09619e+00,3.09619e+00,9.55614e-01,0.00000e+00
-1.35222e+01,2.33505e-06,2.33505e-06,9.47155e-02,0.00000e+00,0.00000e+00,1,3.13441e+00,3.13441e+00,9.55614e-01,0.00000e+00
-1.36871e+01,1.39091e-06,1.39091e-06,9.47155e-02,0.00000e+00,0.00000e+00,1,3.17264e+00,3.17264e+00,9.55614e-01,0.00000e+00
-1.38521e+01,1.03590e-06,1.03590e-06,9.47155e-02,0.00000e+00,0.00000e+00,1,3.21086e+00,3.21086e+00,9.55614e-01,0.00000e+00
-1.40170e+01,9.75458e-07,9.75458e-07,9.47155e-02,0.00000e+00,0.00000e+00,1,3.24909e+00,3.24909e+00,9.55614e-01,0.00000e+00
-1.41820e+01,9.15017e-07,9.15017e-07,9.47155e-02,0.00000e+00,0.00000e+00,1,3.28731e+00,3.28731e+00,9.55614e-01,0.00000e+00
-1.43469e+01,8.54576e-07,8.54576e-07,9.47155e-02,0.00000e+00,0.00000e+00,1,3.32554e+00,3.32554e+00,9.55614e-01,0.00000e+00
-1.45119e+01,7.94135e-07,7.94135e-07,9.47155e-02,0.00000e+00,0.00000e+00,1,3.36376e+00,3.36376e+00,9.55614e-01,0.00000e+00
-1.46769e+01,7.33694e-07,7.33694e-07,9.47155e-02,0.00000e+00,0.00000e+00,1,3.40199e+00,3.40199e+00,9.55614e-01,0.00000e+00
-1.48418e+01,6.73253e-07,6.73253e-07,9.47155e-02,0.00000e+00,0.00000e+00,1,3.44021e+00,3.44021e+00,9.55614e-01,0.00000e+00
-1.50068e+01,6.12811e-07,6.12811e-07,9.47155e-02,0.00000e+00,0.00000e+00,1,3.47844e+00,3.47844e+00,9.55614e-01,0.00000e+00
-1.51718e+01,5.52370e-07,5.52370e-07,9.47155e-02,0.00000e+00,0.00000e+00,1,3.51666e+00,3.51666e+00,9.55614e-01,0.00000e+00
-1.53367e+01,4.91929e-07,4.91929e-07,9.47155e-02,0.00000e+00,0.00000e+00,1,3.55488e+00,3.55488e+00,9.55614e-01,0.00000e+00
-1.55017e+01,4.31488e-07,4.31488e-07,9.47155e-02,0.00000e+00,0.00000e+00,1,3.59311e+00,3.59311e+00,9.55614e-01,0.00000e+00
-1.56666e+01,3.71047e-07,3.71047e-07,9.47155e-02,0.00000e+00,0.00000e+00,1,3.63133e+00,3.63133e+00,9.55614e-01,0.00000e+00
-1.58316e+01,3.10606e-07,3.10606e-07,9.47155e-02,0.00000e+00,0.00000e+00,1,3.66956e+00,3.66956e+00,9.55614e-01,0.00000e+00
-1.59966e+01,2.50165e-07,2.50165e-07,9.47155e-02,0.00000e+00,0.00000e+00,1,3.70778e+00,3.70778e+00,9.55614e-01,0.00000e+00
-1.61615e+01,1.89723e-07,1.89723e-07,9.47155e-02,0.00000e+00,0.00000e+00,1,3.74601e+00,3.74601e+00,9.55614e-01,0.00000e+00
-1.63265e+01,1.29282e-07,1.29282e-07,9.47155e-02,0.00000e+00,0.00000e+00,1,3.78423e+00,3.78423e+00,9.55614e-01,0.00000e+00
-1.64915e+01,6.88414e-08,6.88414e-08,9.47155e-02,0.00000e+00,0.00000e+00,1,3.82246e+00,3.82246e+00,9.55614e-01,0.00000e+00
-1.66565e+01,6.49747e-08,6.49747e-08,9.47155e-02,0.00000e+00,0.00000e+00,1,3.86068e+00,3.86068e+00,9.55614e-01,0.00000e+00
-1.68216e+01,6.11080e-08,6.11080e-08,9.47155e-02,0.00000e+00,0.00000e+00,1,3.89891e+00,3.89891e+00,9.55614e-01,0.00000e+00
-1.69867e+01,5.72412e-08,5.72412e-08,9.47155e-02,0.00000e+00,0.00000e+00,1,3.93713e+00,3.93713e+00,9.55614e-01,0.00000e+00
-1.71517e+01,5.33745e-08,5.33745e-08,9.47155e-02,0.00000e+00,0.00000e+00,1,3.97535e+00,3.97535e+00,9.55614e-01,0.00000e+00
-1.73168e+01,4.95078e-08,4.95078e-08,9.47155e-02,0.00000e+00,0.00000e+00,1,4.01358e+00,4.01358e+00,9.55614e-01,0.00000e+00
-1.74819e+01,4.56411e-08,4.56411e-08,9.47155e-02,0.00000e+00,0.00000e+00,1,4.05180e+00,4.05180e+00,9.55614e-01,0.00000e+00
-1.76469e+01,4.17743e-08,4.17743e-08,9.47155e-02,0.00000e+00,0.00000e+00,1,4.09003e+00,4.09003e+00,9.55614e-01,0.00000e+00
-1.78120e+01,3.79076e-08,3.79076e-08,9.47155e-02,0.00000e+00,0.00000e+00,1,4.12825e+00,4.12825e+00,9.55614e-01,0.00000e+00
-1.79771e+01,3.40408e-08,3.40408e-08,9.47155e-02,0.00000e+00,0.00000e+00,1,4.16648e+00,4.16648e+00,9.55614e-01,0.00000e+00
-1.81421e+01,3.01741e-08,3.01741e-08,9.47155e-02,0.00000e+00,0.00000e+00,1,4.20470e+00,4.20470e+00,9.55614e-01,0.00000e+00
-1.83072e+01,2.63074e-08,2.63074e-08,9.47155e-02,0.00000e+00,0.00000e+00,1,4.24293e+00,4.24293e+00,9.55614e-01,0.00000e+00
-1.84723e+01,2.24407e-08,2.24407e-08,9.47155e-02,0.00000e+00,0.00000e+00,1,4.28115e+00,4.28115e+00,9.55614e-01,0.00000e+00
-1.86373e+01,1.85740e-08,1.85740e-08,9.47155e-02,0.00000e+00,0.00000e+00,1,4.31938e+00,4.31938e+00,9.55614e-01,0.00000e+00
-1.88024e+01,1.47072e-08,1.47072e-08,9.47155e-02,0.00000e+00,0.00000e+00,1,4.35760e+00,4.35760e+00,9.55614e-01,0.00000e+00
-1.89675e+01,1.08405e-08,1.08405e-08,9.47155e-02,0.00000e+00,0.00000e+00,1,4.39582e+00,4.39582e+00,9.55614e-01,0.00000e+00
-1.91325e+01,6.97375e-09,6.97375e-09,9.47155e-02,0.00000e+00,0.00000e+00,1,4.43405e+00,4.43405e+00,9.55614e-01,0.00000e+00
-1.92977e+01,4.31365e-09,4.31365e-09,9.47155e-02,0.00000e+00,0.00000e+00,1,4.47227e+00,4.47227e+00,9.55614e-01,0.00000e+00
-1.94630e+01,4.06667e-09,4.06667e-09,9.47155e-02,0.00000e+00,0.00000e+00,1,4.51050e+00,4.51050e+00,9.55614e-01,0.00000e+00
-1.96282e+01,3.81970e-09,3.81970e-09,9.47155e-02,0.00000e+00,0.00000e+00,1,4.54872e+00,4.54872e+00,9.55614e-01,0.00000e+00
-1.97935e+01,3.57272e-09,3.57272e-09,9.47155e-02,0.00000e+00,0.00000e+00,1,4.58695e+00,4.58695e+00,9.55614e-01,0.00000e+00
-1.99588e+01,3.32575e-09,3.32575e-09,9.47155e-02,0.00000e+00,0.00000e+00,1,4.62517e+00,4.62517e+00,9.55614e-01,0.00000e+00
-2.01241e+01,3.07877e-09,3.07877e-09,9.47155e-02,0.00000e+00,0.00000e+00,1,4.66340e+00,4.66340e+00,9.55614e-01,0.00000e+00
-2.02894e+01,2.83179e-09,2.83179e-09,9.47155e-02,0.00000e+00,0.00000e+00,1,4.70162e+00,4.70162e+00,9.55614e-01,0.00000e+00
-2.04546e+01,2.58482e-09,2.58482e-09,9.47155e-02,0.00000e+00,0.00000e+00,1,4.73985e+00,4.73985e+00,9.55614e-01,0.00000e+00
-2.06199e+01,2.33784e-09,2.33784e-09,9.47155e-02,0.00000e+00,0.00000e+00,1,4.77807e+00,4.77807e+00,9.55614e-01,0.00000e+00
-2.07852e+01,2.09086e-09,2.09086e-09,9.47155e-02,0.00000e+00,0.00000e+00,1,4.81629e+00,4.81629e+00,9.55614e-01,0.00000e+00
-2.09505e+01,1.84389e-09,1.84389e-09,9.47155e-02,0.00000e+00,0.00000e+00,1,4.85452e+00,4.85452e+00,9.55614e-01,0.00000e+00
-2.11158e+01,1.59691e-09,1.59691e-09,9.47155e-02,0.00000e+00,0.00000e+00,1,4.89274e+00,4.89274e+00,9.55614e-01,0.00000e+00
-2.12811e+01,1.34994e-09,1.34994e-09,9.47155e-02,0.00000e+00,0.00000e+00,1,4.93097e+00,4.93097e+00,9.55614e-01,0.00000e+00
-2.14463e+01,1.10296e-09,1.10296e-09,9.47155e-02,0.00000e+00,0.00000e+00,1,4.96919e+00,4.96919e+00,9.55614e-01,0.00000e+00
-2.16116e+01,8.55986e-10,8.55986e-10,9.47155e-02,0.00000e+00,0.00000e+00,1,5.00742e+00,5.00742e+00,9.55614e-01,0.00000e+00
-2.17769e+01,6.09009e-10,6.09009e-10,9.47155e-02,0.00000e+00,0.00000e+00,1,5.04564e+00,5.04564e+00,9.55614e-01,0.00000e+00
-2.19422e+01,3.62032e-10,3.62032e-10,9.47155e-02,0.00000e+00,0.00000e+00,1,5.08387e+00,5.08387e+00,9.55614e-01,0.00000e+00
-2.21077e+01,2.69226e-10,2.69226e-10,9.47155e-02,0.00000e+00,0.00000e+00,1,5.12209e+00,5.12209e+00,9.55614e-01,0.00000e+00
-2.22734e+01,2.53504e-10,2.53504e-10,9.47155e-02,0.00000e+00,0.00000e+00,1,5.16032e+00,5.16032e+00,9.55614e-01,0.00000e+00
-2.24391e+01,2.37783e-10,2.37783e-10,9.47155e-02,0.00000e+00,0.00000e+00,1,5.19854e+00,5.19854e+00,9.55614e-01,0.00000e+00
-2.26047e+01,2.22061e-10,2.22061e-10,9.47155e-02,0.00000e+00,0.00000e+00,1,5.23676e+00,5.23676e+00,9.55614e-01,0.00000e+00
-2.27704e+01,2.06340e-10,2.06340e-10,9.47155e-02,0.00000e+00,0.00000e+00,1,5.27499e+00,5.27499e+00,9.55614e-01,0.00000e+00
-2.29361e+01,1.90618e-10,1.90618e-10,9.47155e-02,0.00000e+00,0.00000e+00,1,5.31321e+00,5.31321e+00,9.55614e-01,0.00000e+00
-2.31017e+01,1.74897e-10,1.74897e-10,9.47155e-02,0.00000e+00,0.00000e+00,1,5.35144e+00,5.35144e+00,9.55614e-01,0.00000e+00
-2.32674e+01,1.59176e-10,1.59176e-10,9.47155e-02,0.00000e+00,0.00000e+00,1,5.38966e+00,5.38966e+00,9.55614e-01,0.00000e+00
-2.34331e+01,1.43454e-10,1.43454e-10,9.47155e-02,0.00000e+00,0.00000e+00,1,5.42789e+00,5.42789e+00,9.55614e-01,0.00000e+00
-2.35987e+01,1.27733e-10,1.27733e-10,9.47155e-02,0.00000e+00,0.00000e+00,1,5.46611e+00,5.46611e+00,9.55614e-01,0.00000e+00
-2.37644e+01,1.12011e-10,1.12011e-10,9.47155e-02,0.00000e+00,0.00000e+00,1,5.50434e+00,5.50434e+00,9.55614e-01,0.00000e+00
-2.39301e+01,9.62901e-11,9.62901e-11,9.47155e-02,0.00000e+00,0.00000e+00,1,5.54256e+00,5.54256e+00,9.55614e-01,0.00000e+00
-2.40957e+01,8.05686e-11,8.05686e-11,9.47155e-02,0.00000e+00,0.00000e+00,1,5.58079e+00,5.58079e+00,9.55614e-01,0.00000e+00
-2.42614e+01,6.48472e-11,6.48472e-11,9.47155e-02,0.00000e+00,0.00000e+00,1,5.61901e+00,5.61901e+00,9.55614e-01,0.00000e+00
-2.44271e+01,4.91259e-11,4.91259e-11,9.47155e-02,0.00000e+00,0.00000e+00,1,5.65723e+00,5.65723e+00,9.55614e-01,0.00000e+00
-2.45927e+01,3.34044e-11,3.34044e-11,9.47155e-02,0.00000e+00,0.00000e+00,1,5.69546e+00,5.69546e+00,9.55614e-01,0.00000e+00
-2.47584e+01,1.76830e-11,1.76830e-11,9.47155e-02,0.00000e+00,0.00000e+00,1,5.73368e+00,5.73368e+00,9.55614e-01,0.00000e+00
-2.49247e+01,1.66884e-11,1.66884e-11,9.47155e-02,0.00000e+00,0.00000e+00,1,5.77191e+00,5.77191e+00,9.55614e-01,0.00000e+00
-2.50910e+01,1.56938e-11,1.56938e-11,9.47155e-02,0.00000e+00,0.00000e+00,1,5.81013e+00,5.81013e+00,9.55614e-01,0.00000e+00
-2.52573e+01,1.46992e-11,1.46992e-11,9.47155e-02,0.00000e+00,0.00000e+00,1,5.84836e+00,5.84836e+00,9.55614e-01,0.00000e+00
-2.54235e+01,1.37046e-11,1.37046e-11,9.47155e-02,0.00000e+00,0.00000e+00,1,5.88658e+00,5.88658e+00,9.55614e-01,0.00000e+00
-2.55898e+01,1.27101e-11,1.27101e-11,9.47155e-02,0.00000e+00,0.00000e+00,1,5.92481e+00,5.92481e+00,9.55614e-01,0.00000e+00
-2.57561e+01,1.17155e-11,1.17155e-11,9.47155e-02,0.00000e+00,0.00000e+00,1,5.96303e+00,5.96303e+00,9.55614e-01,0.00000e+00
-2.59224e+01,1.07209e-11,1.07209e-11,9.47155e-02,0.00000e+00,0.00000e+00,1,6.00126e+00,6.00126e+00,9.55614e-01,0.00000e+00
-2.60887e+01,9.72629e-12,9.72629e-12,9.47155e-02,0.00000e+00,0.00000e+00,1,6.03948e+00,6.03948e+00,9.55614e-01,0.00000e+00
-2.62550e+01,8.73170e-12,8.73170e-12,9.47155e-02,0.00000e+00,0.00000e+00,1,6.07770e+00,6.07770e+00,9.55614e-01,0.00000e+00
-2.64212e+01,7.73711e-12,7.73711e-12,9.47155e-02,0.00000e+00,0.00000e+00,1,6.11593e+00,6.11593e+00,9.55614e-01,0.00000e+00
-2.65875e+01,6.74252e-12,6.74252e-12,9.47155e-02,0.00000e+00,0.00000e+00,1,6.15415e+00,6.15415e+00,9.55614e-01,0.00000e+00
-2.67538e+01,5.74794e-12,5.74794e-12,9.47155e-02,0.00000e+00,0.00000e+00,1,6.19238e+00,6.19238e+00,9.55614e-01,0.00000e+00
-2.69201e+01,4.75335e-12,4.75335e-12,9.47155e-02,0.00000e+00,0.00000e+00,1,6.23060e+00,6.23060e+00,9.55614e-01,0.00000e+00
-2.70864e+01,3.75875e-12,3.75875e-12,9.47155e-02,0.00000e+00,0.00000e+00,1,6.26883e+00,6.26883e+00,9.55614e-01,0.00000e+00
-2.72527e+01,2.76417e-12,2.76417e-12,9.47155e-02,0.00000e+00,0.00000e+00,1,6.30705e+00,6.30705e+00,9.55614e-01,0.00000e+00
-2.74189e+01,1.76958e-12,1.76958e-12,9.47155e-02,0.00000e+00,0.00000e+00,1,6.34528e+00,6.34528e+00,9.55614e-01,0.00000e+00
-2.75855e+01,1.08576e-12,1.08576e-12,9.47155e-02,0.00000e+00,0.00000e+00,1,6.38350e+00,6.38350e+00,9.55614e-01,0.00000e+00
-2.77527e+01,1.02346e-12,1.02346e-12,9.47155e-02,0.00000e+00,0.00000e+00,1,6.42173e+00,6.42173e+00,9.55614e-01,0.00000e+00
-2.79199e+01,9.61161e-13,9.61161e-13,9.47155e-02,0.00000e+00,0.00000e+00,1,6.45995e+00,6.45995e+00,9.55614e-01,0.00000e+00
-2.80870e+01,8.98863e-13,8.98863e-13,9.47155e-02,0.00000e+00,0.00000e+00,1,6.49818e+00,6.49818e+00,9.55614e-01,0.00000e+00
-2.82542e+01,8.36565e-13,8.36565e-13,9.47155e-02,0.00000e+00,0.00000e+00,1,6.53640e+00,6.53640e+00,9.55614e-01,0.00000e+00
-2.84214e+01,7.74268e-13,7.74268e-13,9.47155e-02,0.00000e+00,0.00000e+00,1,6.57462e+00,6.57462e+00,9.55614e-01,0.00000e+00
-2.85885e+01,7.11970e-13,7.11970e-13,9.47155e-02,0.00000e+00,0.00000e+00,1,6.61285e+00,6.61285e+00,9.55614e-01,0.00000e+00
-2.87557e+01,6.49672e-13,6.49672e-13,9.47155e-02,0.00000e+00,0.00000e+00,1,6.65107e+00,6.65107e+00,9.55614e-01,0.00000e+00
-2.89229e+01,5.87374e-13,5.87374e-13,9.47155e-02,0.00000e+00,0.00000e+00,1,6.68930e+00,6.68930e+00,9.55614e-01,0.00000e+00
-2.90900e+01,5.25077e-13,5.25077e-13,9.47155e-02,0.00000e+00,0.00000e+00,1,6.72752e+00,6.72752e+00,9.55614e-01,0.00000e+00
-2.92572e+01,4.62779e-13,4.62779e-13,9.47155e-02,0.00000e+00,0.00000e+00,1,6.76575e+00,6.76575e+00,9.55614e-01,0.00000e+00
-2.94244e+01,4.00481e-13,4.00481e-13,9.47155e-02,0.00000e+00,0.00000e+00,1,6.80397e+00,6.80397e+00,9.55614e-01,0.00000e+00
-2.95915e+01,3.38184e-13,3.38184e-13,9.47155e-02,0.00000e+00,0.00000e+00,1,6.84220e+00,6.84220e+00,9.55614e-01,0.00000e+00
-2.97587e+01,2.75886e-13,2.75886e-13,9.47155e-02,0.00000e+00,0.00000e+00,1,6.88042e+00,6.88042e+00,9.55614e-01,0.00000e+00
-2.99259e+01,2.13588e-13,2.13588e-13,9.47155e-02,0.00000e+00,0.00000e+00,1,6.91865e+00,6.91865e+00,9.55614e-01,0.00000e+00
-3.00930e+01,1.51290e-13,1.51290e-13,9.47155e-02,0.00000e+00,0.00000e+00,1,6.95687e+00,6.95687e+00,9.55614e-01,0.00000e+00
-3.02602e+01,8.89932e-14,8.89932e-14,9.47155e-02,0.00000e+00,0.00000e+00,1,6.99509e+00,6.99509e+00,9.55614e-01,0.00000e+00
-3.04282e+01,6.56632e-14,6.56632e-14,9.47155e-02,0.00000e+00,0.00000e+00,1,7.03332e+00,7.03332e+00,9.55614e-01,0.00000e+00
-3.05965e+01,6.18170e-14,6.18170e-14,9.47155e-02,0.00000e+00,0.00000e+00,1,7.07154e+00,7.07154e+00,9.55614e-01,0.00000e+00
-3.07648e+01,5.79710e-14,5.79710e-14,9.47155e-02,0.00000e+00,0.00000e+00,1,7.10977e+00,7.10977e+00,9.55614e-01,0.00000e+00
-3.09332e+01,5.41248e-14,5.41248e-14,9.47155e-02,0.00000e+00,0.00000e+00,1,7.14799e+00,7.14799e+00,9.55614e-01,0.00000e+00
-3.11015e+01,5.02787e-14,5.02787e-14,9.47155e-02,0.00000e+00,0.00000e+00,1,7.18622e+00,7.18622e+00,9.55614e-01,0.00000e+00
-3.12699e+01,4.64326e-14,4.64326e-14,9.47155e-02,0.00000e+00,0.00000e+00,1,7.22444e+00,7.22444e+00,9.55614e-01,0.00000e+00
-3.14382e+01,4.25865e-14,4.25865e-14,9.47155e-02,0.00000e+00,0.00000e+00,1,7.26267e+00,7.26267e+00,9.55614e-01,0.00000e+00
-3.16065e+01,3.87404e-14,3.87404e-14,9.47155e-02,0.00000e+00,0.00000e+00,1,7.30089e+00,7.30089e+00,9.55614e-01,0.00000e+00
-3.17749e+01,3.48943e-14,3.48943e-14,9.47155e-02,0.00000e+00,0.00000e+00,1,7.33912e+00,7.33912e+00,9.55614e-01,0.00000e+00
-3.19432e+01,3.10482e-14,3.10482e-14,9.47155e-02,0.00000e+00,0.00000e+00,1,7.37734e+00,7.37734e+00,9.55614e-01,0.00000e+00
-3.21116e+01,2.72021e-14,2.72021e-14,9.47155e-02,0.00000e+00,0.00000e+00,1,7.41556e+00,7.41556e+00,9.55614e-01,0.00000e+00
-3.22799e+01,2.33560e-14,2.33560e-14,9.47155e-02,0.00000e+00,0.00000e+00,1,7.45379e+00,7.45379e+00,9.55614e-01,0.00000e+00
-3.24482e+01,1.95099e-14,1.95099e-14,9.47155e-02,0.00000e+00,0.00000e+00,1,7.49201e+00,7.49201e+00,9.55614e-01,0.00000e+00
-3.26166e+01,1.56638e-14,1.56638e-14,9.47155e-02,0.00000e+00,0.00000e+00,1,7.53024e+00,7.53024e+00,9.55614e-01,0.00000e+00
-3.27849e+01,1.18177e-14,1.18177e-14,9.47155e-02,0.00000e+00,0.00000e+00,1,7.56846e+00,7.56846e+00,9.55614e-01,0.00000e+00
-3.29532e+01,7.97158e-15,7.97158e-15,9.47155e-02,0.00000e+00,0.00000e+00,1,7.60669e+00,7.60669e+00,9.55614e-01,0.00000e+00
-3.31216e+01,4.12551e-15,4.12551e-15,9.47155e-02,0.00000e+00,0.00000e+00,1,7.64491e+00,7.64491e+00,9.55614e-01,0.00000e+00
-3.32914e+01,3.89259e-15,3.89259e-15,9.47155e-02,0.00000e+00,0.00000e+00,1,7.68314e+00,7.68314e+00,9.55614e-01,0.00000e+00
-3.34612e+01,3.65967e-15,3.65967e-15,9.47155e-02,0.00000e+00,0.00000e+00,1,7.72136e+00,7.72136e+00,9.55614e-01,0.00000e+00
-3.36309e+01,3.42675e-15,3.42675e-15,9.47155e-02,0.00000e+00,0.00000e+00,1,7.75959e+00,7.75959e+00,9.55614e-01,0.00000e+00
-3.38007e+01,3.19384e-15,3.19384e-15,9.47155e-02,0.00000e+00,0.00000e+00,1,7.79781e+00,7.79781e+00,9.55614e-01,0.00000e+00
-3.39705e+01,2.96092e-15,2.96092e-15,9.47155e-02,0.00000e+00,0.00000e+00,1,7.83603e+00,7.83603e+00,9.55614e-01,0.00000e+00
-3.41403e+01,2.72800e-15,2.72800e-15,9.47155e-02,0.00000e+00,0.00000e+00,1,7.87426e+00,7.87426e+00,9.55614e-01,0.00000e+00
-3.43101e+01,2.49508e-15,2.49508e-15,9.47155e-02,0.00000e+00,0.00000e+00,1,7.91248e+00,7.91248e+00,9.55614e-01,0.00000e+00
-3.44799e+01,2.26216e-15,2.26216e-15,9.47155e-02,0.00000e+00,0.00000e+00,1,7.95071e+00,7.95071e+00,9.55614e-01,0.00000e+00
-3.46496e+01,2.02924e-15,2.02924e-15,9.47155e-02,0.00000e+00,0.00000e+00,1,7.98893e+00,7.98893e+00,9.55614e-01,0.00000e+00
-3.48194e+01,1.79632e-15,1.79632e-15,9.47155e-02,0.00000e+00,0.00000e+00,1,8.02716e+00,8.02716e+00,9.55614e-01,0.00000e+00
-3.49892e+01,1.56340e-15,1.56340e-15,9.47155e-02,0.00000e+00,0.00000e+00,1,8.06538e+00,8.06538e+00,9.55614e-01,0.00000e+00
-3.51590e+01,1.33048e-15,1.33048e-15,9.47155e-02,0.00000e+00,0.00000e+00,1,8.10361e+00,8.10361e+00,9.55614e-01,0.00000e+00
-3.53288e+01,1.09756e-15,1.09756e-15,9.47155e-02,0.00000e+00,0.00000e+00,1,8.14183e+00,8.14183e+00,9.55614e-01,0.00000e+00
-3.54986e+01,8.64643e-16,8.64643e-16,9.47155e-02,0.00000e+00,0.00000e+00,1,8.18006e+00,8.18006e+00,9.55614e-01,0.00000e+00
-3.56683e+01,6.31720e-16,6.31720e-16,9.47155e-02,0.00000e+00,0.00000e+00,1,8.21828e+00,8.21828e+00,9.55614e-01,0.00000e+00
-3.58381e+01,3.98803e-16,3.98803e-16,9.47155e-02,0.00000e+00,0.00000e+00,1,8.25651e+00,8.25651e+00,9.55614e-01,0.00000e+00
-3.60085e+01,2.38932e-16,2.38932e-16,9.47155e-02,0.00000e+00,0.00000e+00,1,8.29473e+00,8.29473e+00,9.55614e-01,0.00000e+00
-3.61800e+01,2.25159e-16,2.25159e-16,9.47155e-02,0.00000e+00,0.00000e+00,1,8.33295e+00,8.33295e+00,9.55614e-01,0.00000e+00
-3.63514e+01,2.11386e-16,2.11386e-16,9.47155e-02,0.00000e+00,0.00000e+00,1,8.37118e+00,8.37118e+00,9.55614e-01,0.00000e+00
-3.65229e+01,1.97614e-16,1.97614e-16,9.47155e-02,0.00000e+00,0.00000e+00,1,8.40940e+00,8.40940e+00,9.55614e-01,0.00000e+00
-3.66944e+01,1.83841e-16,1.83841e-16,9.47155e-02,0.00000e+00,0.00000e+00,1,8.44763e+00,8.44763e+00,9.55614e-01,0.00000e+00
-3.68658e+01,1.70068e-16,1.70068e-16,9.47155e-02,0.00000e+00,0.00000e+00,1,8.48585e+00,8.48585e+00,9.55614e-01,0.00000e+00
-3.70373e+01,1.56295e-16,1.56295e-16,9.47155e-02,0.00000e+00,0.00000e+00,1,8.52408e+00,8.52408e+00,9.55614e-01,0.00000e+00
-3.72088e+01,1.42522e-16,1.42522e-16,9.47155e-02,0.00000e+00,0.00000e+00,1,8.56230e+00,8.56230e+00,9.55614e-01,0.00000e+00
-3.73802e+01,1.28750e-16,1.28750e-16,9.47155e-02,0.00000e+00,0.00000e+00,1,8.60053e+00,8.60053e+00,9.55614e-01,0.00000e+00
-3.75517e+01,1.14977e-16,1.14977e-16,9.47155e-02,0.00000e+00,0.00000e+00,1,8.63875e+00,8.63875e+00,9.55614e-01,0.00000e+00
-3.77232e+01,1.01204e-16,1.01204e-16,9.47155e-02,0.00000e+00,0.00000e+00,1,8.67698e+00,8.67698e+00,9.55614e-01,0.00000e+00
-3.78947e+01,8.74311e-17,8.74311e-17,9.47155e-02,0.00000e+00,0.00000e+00,1,8.71520e+00,8.71520e+00,9.55614e-01,0.00000e+00
-3.80661e+01,7.36581e-17,7.36581e-17,9.47155e-02,0.00000e+00,0.00000e+00,1,8.75342e+00,8.75342e+00,9.55614e-01,0.00000e+00
-3.82376e+01,5.98855e-17,5.98855e-17,9.47155e-02,0.00000e+00,0.00000e+00,1,8.79165e+00,8.79165e+00,9.55614e-01,0.00000e+00
-3.84091e+01,4.61128e-17,4.61128e-17,9.47155e-02,0.00000e+00,0.00000e+00,1,8.82987e+00,8.82987e+00,9.55614e-01,0.00000e+00
-3.85805e+01,3.23398e-17,3.23398e-17,9.47155e-02,0.00000e+00,0.00000e+00,1,8.86810e+00,8.86810e+00,9.55614e-01,0.00000e+00
-3.87520e+01,1.85671e-17,1.85671e-17,9.47155e-02,0.00000e+00,0.00000e+00,1,8.90632e+00,8.90632e+00,9.55614e-01,0.00000e+00
-3.89247e+01,1.34483e-17,1.34483e-17,9.47155e-02,0.00000e+00,0.00000e+00,1,8.94455e+00,8.94455e+00,9.55614e-01,0.00000e+00
-3.90981e+01,1.26564e-17,1.26564e-17,9.47155e-02,0.00000e+00,0.00000e+00,1,8.98277e+00,8.98277e+00,9.55614e-01,0.00000e+00
-3.92714e+01,1.18645e-17,1.18645e-17,9.47155e-02,0.00000e+00,0.00000e+00,1,9.02100e+00,9.02100e+00,9.55614e-01,0.00000e+00
-3.94448e+01,1.10725e-17,1.10725e-17,9.47155e-02,0.00000e+00,0.00000e+00,1,9.05922e+00,9.05922e+00,9.55614e-01,0.00000e+00
-3.96182e+01,1.02806e-17,1.02806e-17,9.47155e-02,0.00000e+00,0.00000e+00,1,9.09745e+00,9.09745e+00,9.55614e-01,0.00000e+00
-3.97915e+01,9.48866e-18,9.48866e-18,9.47155e-02,0.00000e+00,0.00000e+00,1,9.13567e+00,9.13567e+00,9.55614e-01,0.00000e+00
-3.99649e+01,8.69673e-18,8.69673e-18,9.47155e-02,0.00000e+00,0.00000e+00,1,9.17389e+00,9.17389e+00,9.55614e-01,0.00000e+00
-4.01382e+01,7.90478e-18,7.90478e-18,9.47155e-02,0.00000e+00,0.00000e+00,1,9.21212e+00,9.21212e+00,9.55614e-01,0.00000e+00
-4.03116e+01,7.11284e-18,7.11284e-18,9.47155e-02,0.00000e+00,0.00000e+00,1,9.25034e+00,9.25034e+00,9.55614e-01,0.00000e+00
-4.04849e+01,6.32089e-18,6.32089e-18,9.47155e-02,0.00000e+00,0.00000e+00,1,9.28857e+00,9.28857e+00,9.55614e-01,0.00000e+00
-4.06583e+01,5.52896e-18,5.52896e-18,9.47155e-02,0.00000e+00,0.00000e+00,1,9.32679e+00,9.32679e+00,9.55614e-01,0.00000e+00
-4.08316e+01,4.73703e-18,4.73703e-18,9.47155e-02,0.00000e+00,0.00000e+00,1,9.36502e+00,9.36502e+00,9.55614e-01,0.00000e+00
-4.10050e+01,3.94508e-18,3.94508e-18,9.47155e-02,0.00000e+00,0.00000e+00,1,9.40324e+00,9.40324e+00,9.55614e-01,0.00000e+00
-4.11783e+01,3.15315e-18,3.15315e-18,9.47155e-02,0.00000e+00,0.00000e+00,1,9.44147e+00,9.44147e+00,9.55614e-01,0.00000e+00
-4.13517e+01,2.36122e-18,2.36122e-18,9.47155e-02,0.00000e+00,0.00000e+00,1,9.47969e+00,9.47969e+00,9.55614e-01,0.00000e+00
-4.15251e+01,1.56927e-18,1.56927e-18,9.47155e-02,0.00000e+00,0.00000e+00,1,9.51792e+00,9.51792e+00,9.55614e-01,0.00000e+00
-4.16984e+01,7.77339e-19,7.77339e-19,9.47155e-02,0.00000e+00,0.00000e+00,1,9.55614e+00,9.55614e+00,9.55614e-01,0.00000e+00
-4.18738e+01,7.33207e-19,7.33207e-19,9.47155e-02,0.00000e+00,0.00000e+00,1,9.59436e+00,9.59436e+00,9.55614e-01,0.00000e+00
-4.20492e+01,6.89073e-19,6.89073e-19,9.47155e-02,0.00000e+00,0.00000e+00,1,9.63259e+00,9.63259e+00,9.55614e-01,0.00000e+00
-4.22246e+01,6.44941e-19,6.44941e-19,9.47155e-02,0.00000e+00,0.00000e+00,1,9.67081e+00,9.67081e+00,9.55614e-01,0.00000e+00
-4.24000e+01,6.00809e-19,6.00809e-19,9.47155e-02,0.00000e+00,0.00000e+00,1,9.70904e+00,9.70904e+00,9.55614e-01,0.00000e+00
-4.25753e+01,5.56675e-19,5.56675e-19,9.47155e-02,0.00000e+00,0.00000e+00,1,9.74726e+00,9.74726e+00,9.55614e-01,0.00000e+00
-4.27507e+01,5.12543e-19,5.12543e-19,9.47155e-02,0.00000e+00,0.00000e+00,1,9.78549e+00,9.78549e+00,9.55614e-01,0.00000e+00
-4.29261e+01,4.68411e-19,4.68411e-19,9.47155e-02,0.00000e+00,0.00000e+00,1,9.82371e+00,9.82371e+00,9.55614e-01,0.00000e+00
-4.31015e+01,4.24277e-19,4.24277e-19,9.47155e-02,0.00000e+00,0.00000e+00,1,9.86194e+00,9.86194e+00,9.55614e-01,0.00000e+00
-4.32769e+01,3.80145e-19,3.80145e-19,9.47155e-02,0.00000e+00,0.00000e+00,1,9.90016e+00,9.90016e+00,9.55614e-01,0.00000e+00
-4.34523e+01,3.36012e-19,3.36012e-19,9.47155e-02,0.00000e+00,0.00000e+00,1,9.93839e+00,9.93839e+00,9.55614e-01,0.00000e+00
-4.36277e+01,2.91879e-19,2.91879e-19,9.47155e-02,0.00000e+00,0.00000e+00,1,9.97661e+00,9.97661e+00,9.55614e-01,0.00000e+00
-4.38031e+01,2.47747e-19,2.47747e-19,9.47155e-02,0.00000e+00,0.00000e+00,1,1.00148e+01,1.00148e+01,9.55614e-01,0.00000e+00
-4.39784e+01,2.03614e-19,2.03614e-19,9.47155e-02,0.00000e+00,0.00000e+00,1,1.00531e+01,1.00531e+01,9.55614e-01,0.00000e+00
-4.41538e+01,1.59482e-19,1.59482e-19,9.47155e-02,0.00000e+00,0.00000e+00,1,1.00913e+01,1.00913e+01,9.55614e-01,0.00000e+00
-4.43292e+01,1.15349e-19,1.15349e-19,9.47155e-02,0.00000e+00,0.00000e+00,1,1.01295e+01,1.01295e+01,9.55614e-01,0.00000e+00
-4.45046e+01,7.12158e-20,7.12158e-20,9.47155e-02,0.00000e+00,0.00000e+00,1,1.01677e+01,1.01677e+01,9.55614e-01,0.00000e+00
-4.46807e+01,4.10015e-20,4.10015e-20,9.47155e-02,0.00000e+00,0.00000e+00,1,1.02060e+01,1.02060e+01,9.55614e-01,0.00000e+00
-4.48582e+01,3.86240e-20,3.86240e-20,9.47155e-02,0.00000e+00,0.00000e+00,1,1.02442e+01,1.02442e+01,9.55614e-01,0.00000e+00
-4.50358e+01,3.62464e-20,3.62464e-20,9.47155e-02,0.00000e+00,0.00000e+00,1,1.02824e+01,1.02824e+01,9.55614e-01,0.00000e+00
-4.52133e+01,3.38689e-20,3.38689e-20,9.47155e-02,0.00000e+00,0.00000e+00,1,1.03206e+01,1.03206e+01,9.55614e-01,0.00000e+00
-4.53908e+01,3.14914e-20,3.14914e-20,9.47155e-02,0.00000e+00,0.00000e+00,1,1.03589e+01,1.03589e+01,9.55614e-01,0.00000e+00
-4.55683e+01,2.91138e-20,2.91138e-20,9.47155e-02,0.00000e+00,0.00000e+00,1,1.03971e+01,1.03971e+01,9.55614e-01,0.00000e+00
-4.57459e+01,2.67363e-20,2.67363e-20,9.47155e-02,0.00000e+00,0.00000e+00,1,1.04353e+01,1.04353e+01,9.55614e-01,0.00000e+00
-4.59234e+01,2.43587e-20,2.43587e-20,9.47155e-02,0.00000e+00,0.00000e+00,1,1.04735e+01,1.04735e+01,9.55614e-01,0.00000e+00
-4.61009e+01,2.19812e-20,2.19812e-20,9.47155e-02,0.00000e+00,0.00000e+00,1,1.05118e+01,1.05118e+01,9.55614e-01,0.00000e+00
-4.62784e+01,1.96037e-20,1.96037e-20,9.47155e-02,0.00000e+00,0.00000e+00,1,1.05500e+01,1.05500e+01,9.55614e-01,0.00000e+00
-4.64560e+01,1.72261e-20,1.72261e-20,9.47155e-02,0.00000e+00,0.00000e+00,1,1.05882e+01,1.05882e+01,9.55614e-01,0.00000e+00
-4.66335e+01,1.48486e-20,1.48486e-20,9.47155e-02,0.00000e+00,0.00000e+00,1,1.06264e+01,1.06264e+01,9.55614e-01,0.00000e+00
-4.68110e+01,1.24711e-20,1.24711e-20,9.47155e-02,0.00000e+00,0.00000e+00,1,1.06647e+01,1.06647e+01,9.55614e-01,0.00000e+00
-4.69885e+01,1.00935e-20,1.00935e-20,9.47155e-02,0.00000e+00,0.00000e+00,1,1.07029e+01,1.07029e+01,9.55614e-01,0.00000e+00
-4.71661e+01,7.71598e-21,7.71598e-21,9.47155e-02,0.00000e+00,0.00000e+00,1,1.07411e+01,1.07411e+01,9.55614e-01,0.00000e+00
-4.73436e+01,5.33846e-21,5.33846e-21,9.47155e-02,0.00000e+00,0.00000e+00,1,1.07793e+01,1.07793e+01,9.55614e-01,0.00000e+00
-4.75211e+01,2.96089e-21,2.96089e-21,9.47155e-02,0.00000e+00,0.00000e+00,1,1.08176e+01,1.08176e+01,9.55614e-01,0.00000e+00
-4.77001e+01,2.08600e-21,2.08600e-21,9.47155e-02,0.00000e+00,0.00000e+00,1,1.08558e+01,1.08558e+01,9.55614e-01,0.00000e+00
-4.78798e+01,1.96241e-21,1.96241e-21,9.47155e-02,0.00000e+00,0.00000e+00,1,1.08940e+01,1.08940e+01,9.55614e-01,0.00000e+00
-4.80596e+01,1.83881e-21,1.83881e-21,9.47155e-02,0.00000e+00,0.00000e+00,1,1.09322e+01,1.09322e+01,9.55614e-01,0.00000e+00
-4.82393e+01,1.71521e-21,1.71521e-21,9.47155e-02,0.00000e+00,0.00000e+00,1,1.09704e+01,1.09704e+01,9.55614e-01,0.00000e+00
-4.84190e+01,1.59161e-21,1.59161e-21,9.47155e-02,0.00000e+00,0.00000e+00,1,1.10087e+01,1.10087e+01,9.55614e-01,0.00000e+00
-4.85988e+01,1.46802e-21,1.46802e-21,9.47155e-02,0.00000e+00,0.00000e+00,1,1.10469e+01,1.10469e+01,9.55614e-01,0.00000e+00
-4.87785e+01,1.34442e-21,1.34442e-21,9.47155e-02,0.00000e+00,0.00000e+00,1,1.10851e+01,1.10851e+01,9.55614e-01,0.00000e+00
-4.89582e+01,1.22082e-21,1.22082e-21,9.47155e-02,0.00000e+00,0.00000e+00,1,1.11233e+01,1.11233e+01,9.55614e-01,0.00000e+00
-4.91380e+01,1.09723e-21,1.09723e-21,9.47155e-02,0.00000e+00,0.00000e+00,1,1.11616e+01,1.11616e+01,9.55614e-01,0.00000e+00
-4.93177e+01,9.73629e-22,9.73629e-22,9.47155e-02,0.00000e+00,0.00000e+00,1,1.11998e+01,1.11998e+01,9.55614e-01,0.00000e+00
-4.94974e+01,8.50030e-22,8.50030e-22,9.47155e-02,0.00000e+00,0.00000e+00,1,1.12380e+01,1.12380e+01,9.55614e-01,0.00000e+00
-4.96771e+01,7.26434e-22,7.26434e-22,9.47155e-02,0.00000e+00,0.00000e+00,1,1.12762e+01,1.12762e+01,9.55614e-01,0.00000e+00
-4.98569e+01,6.02838e-22,6.02838e-22,9.47155e-02,0.00000e+00,0.00000e+00,1,1.13145e+01,1.13145e+01,9.55614e-01,0.00000e+00
-5.00366e+01,4.79238e-22,4.79238e-22,9.47155e-02,0.00000e+00,0.00000e+00,1,1.13527e+01,1.13527e+01,9.55614e-01,0.00000e+00
-5.02163e+01,3.55642e-22,3.55642e-22,9.47155e-02,0.00000e+00,0.00000e+00,1,1.13909e+01,1.13909e+01,9.55614e-01,0.00000e+00
-5.03961e+01,2.32046e-22,2.32046e-22,9.47155e-02,0.00000e+00,0.00000e+00,1,1.14291e+01,1.14291e+01,9.55614e-01,0.00000e+00
-5.05758e+01,1.08446e-22,1.08446e-22,9.47155e-02,0.00000e+00,0.00000e+00,1,1.14674e+01,1.14674e+01,9.55614e-01,0.00000e+00
-5.07578e+01,1.02253e-22,1.02253e-22,9.47155e-02,0.00000e+00,0.00000e+00,1,1.15056e+01,1.15056e+01,9.55614e-01,0.00000e+00
-5.09397e+01,9.60598e-23,9.60598e-23,9.47155e-02,0.00000e+00,0.00000e+00,1,1.15438e+01,1.15438e+01,9.55614e-01,0.00000e+00
-5.11217e+01,8.98666e-23,8.98666e-23,9.47155e-02,0.00000e+00,0.00000e+00,1,1.15820e+01,1.15820e+01,9.55614e-01,0.00000e+00
-5.13037e+01,8.36733e-23,8.36733e-23,9.47155e-02,0.00000e+00,0.00000e+00,1,1.16203e+01,1.16203e+01,9.55614e-01,0.00000e+00
-5.14856e+01,7.74799e-23,7.74799e-23,9.47155e-02,0.00000e+00,0.00000e+00,1,1.16585e+01,1.16585e+01,9.55614e-01,0.00000e+00
-5.16676e+01,7.12867e-23,7.12867e-23,9.47155e-02,0.00000e+00,0.00000e+00,1,1.16967e+01,1.16967e+01,9.55614e-01,0.00000e+00
-5.18496e+01,6.50935e-23,6.50935e-23,9.47155e-02,0.00000e+00,0.00000e+00,1,1.17349e+01,1.17349e+01,9.55614e-01,0.00000e+00
-5.20315e+01,5.89001e-23,5.89001e-23,9.47155e-02,0.00000e+00,0.00000e+00,1,1.17732e+01,1.17732e+01,9.55614e-01,0.00000e+00
-5.22135e+01,5.27068e-23,5.27068e-23,9.47155e-02,0.00000e+00,0.00000e+00,1,1.18114e+01,1.18114e+01,9.55614e-01,0.00000e+00
-5.23955e+01,4.65136e-23,4.65136e-23,9.47155e-02,0.00000e+00,0.00000e+00,1,1.18496e+01,1.18496e+01,9.55614e-01,0.00000e+00
-5.25774e+01,4.03202e-23,4.03202e-23,9.47155e-02,0.00000e+00,0.00000e+00,1,1.18878e+01,1.18878e+01,9.55614e-01,0.00000e+00
-5.27594e+01,3.41270e-23,3.41270e-23,9.47155e-02,0.00000e+00,0.00000e+00,1,1.19261e+01,1.19261e+01,9.55614e-01,0.00000e+00
-5.29414e+01,2.79338e-23,2.79338e-23,9.47155e-02,0.00000e+00,0.00000e+00,1,1.19643e+01,1.19643e+01,9.55614e-01,0.00000e+00
-5.31233e+01,2.17404e-23,2.17404e-23,9.47155e-02,0.00000e+00,0.00000e+00,1,1.20025e+01,1.20025e+01,9.55614e-01,0.00000e+00
-5.33053e+01,1.55471e-23,1.55471e-23,9.47155e-02,0.00000e+00,0.00000e+00,1,1.20407e+01,1.20407e+01,9.55614e-01,0.00000e+00
-5.34873e+01,9.35390e-24,9.35390e-24,9.47155e-02,0.00000e+00,0.00000e+00,1,1.20790e+01,1.20790e+01,9.55614e-01,0.00000e+00
-5.36700e+01,5.12537e-24,5.12537e-24,9.47155e-02,0.00000e+00,0.00000e+00,1,1.21172e+01,1.21172e+01,9.55614e-01,0.00000e+00
-5.38542e+01,4.82642e-24,4.82642e-24,9.47155e-02,0.00000e+00,0.00000e+00,1,1.21554e+01,1.21554e+01,9.55614e-01,0.00000e+00
-5.40384e+01,4.52746e-24,4.52746e-24,9.47155e-02,0.00000e+00,0.00000e+00,1,1.21936e+01,1.21936e+01,9.55614e-01,0.00000e+00
-5.42226e+01,4.22851e-24,4.22851e-24,9.47155e-02,0.00000e+00,0.00000e+00,1,1.22319e+01,1.22319e+01,9.55614e-01,0.00000e+00
-5.44069e+01,3.92956e-24,3.92956e-24,9.47155e-02,0.00000e+00,0.00000e+00,1,1.22701e+01,1.22701e+01,9.55614e-01,0.00000e+00
-5.45911e+01,3.63061e-24,3.63061e-24,9.47155e-02,0.00000e+00,0.00000e+00,1,1.23083e+01,1.23083e+01,9.55614e-01,0.00000e+00
-5.47753e+01,3.33166e-24,3.33166e-24,9.47155e-02,0.00000e+00,0.00000e+00,1,1.23465e+01,1.23465e+01,9.55614e-01,0.00000e+00
-5.49595e+01,3.03271e-24,3.03271e-24,9.47155e-02,0.00000e+00,0.00000e+00,1,1.23848e+01,1.23848e+01,9.55614e-01,0.00000e+00
-5.51437e+01,2.73375e-24,2.73375e-24,9.47155e-02,0.00000e+00,0.00000e+00,1,1.24230e+01,1.24230e+01,9.55614e-01,0.00000e+00
-5.53279e+01,2.43480e-24,2.43480e-24,9.47155e-02,0.00000e+00,0.00000e+00,1,1.24612e+01,1.24612e+01,9.55614e-01,0.00000e+00
-5.55121e+01,2.13585e-24,2.13585e-24,9.47155e-02,0.00000e+00,0.00000e+00,1,1.24994e+01,1.24994e+01,9.55614e-01,0.00000e+00
-5.56964e+01,1.83690e-24,1.83690e-24,9.47155e-02,0.00000e+00,0.00000e+00,1,1.25377e+01,1.25377e+01,9.55614e-01,0.00000e+00
-5.58806e+01,1.53795e-24,1.53795e-24,9.47155e-02,0.00000e+00,0.00000e+00,1,1.25759e+01,1.25759e+01,9.55614e-01,0.00000e+00
-5.60648e+01,1.23900e-24,1.23900e-24,9.47155e-02,0.00000e+00,0.00000e+00,1,1.26141e+01,1.26141e+01,9.55614e-01,0.00000e+00
-5.62490e+01,9.40041e-25,9.40041e-25,9.47155e-02,0.00000e+00,0.00000e+00,1,1.26523e+01,1.26523e+01,9.55614e-01,0.00000e+00
-5.64332e+01,6.41092e-25,6.41092e-25,9.47155e-02,0.00000e+00,0.00000e+00,1,1.26906e+01,1.26906e+01,9.55614e-01,0.00000e+00
-5.66174e+01,3.42136e-25,3.42136e-25,9.47155e-02,0.00000e+00,0.00000e+00,1,1.27288e+01,1.27288e+01,9.55614e-01,0.00000e+00
-5.68031e+01,2.33223e-25,2.33223e-25,9.47155e-02,0.00000e+00,0.00000e+00,1,1.27670e+01,1.27670e+01,9.55614e-01,0.00000e+00
-5.69896e+01,2.19324e-25,2.19324e-25,9.47155e-02,0.00000e+00,0.00000e+00,1,1.28052e+01,1.28052e+01,9.55614e-01,0.00000e+00
-5.71761e+01,2.05425e-25,2.05425e-25,9.47155e-02,0.00000e+00,0.00000e+00,1,1.28435e+01,1.28435e+01,9.55614e-01,0.00000e+00
-5.73625e+01,1.91526e-25,1.91526e-25,9.47155e-02,0.00000e+00,0.00000e+00,1,1.28817e+01,1.28817e+01,9.55614e-01,0.00000e+00
-5.75490e+01,1.77627e-25,1.77627e-25,9.47155e-02,0.00000e+00,0.00000e+00,1,1.29199e+01,1.29199e+01,9.55614e-01,0.00000e+00
-5.77354e+01,1.63728e-25,1.63728e-25,9.47155e-02,0.00000e+00,0.00000e+00,1,1.29581e+01,1.29581e+01,9.55614e-01,0.00000e+00
-5.79219e+01,1.49830e-25,1.49830e-25,9.47155e-02,0.00000e+00,0.00000e+00,1,1.29964e+01,1.29964e+01,9.55614e-01,0.00000e+00
-5.81083e+01,1.35931e-25,1.35931e-25,9.47155e-02,0.00000e+00,0.00000e+00,1,1.30346e+01,1.30346e+01,9.55614e-01,0.00000e+00
-5.82948e+01,1.22032e-25,1.22032e-25,9.47155e-02,0.00000e+00,0.00000e+00,1,1.30728e+01,1.30728e+01,9.55614e-01,0.00000e+00
-5.84812e+01,1.08133e-25,1.08133e-25,9.47155e-02,0.00000e+00,0.00000e+00,1,1.31110e+01,1.31110e+01,9.55614e-01,0.00000e+00
-5.86677e+01,9.42347e-26,9.42347e-26,9.47155e-02,0.00000e+00,0.00000e+00,1,1.31492e+01,1.31492e+01,9.55614e-01,0.00000e+00
-5.88541e+01,8.03356e-26,8.03356e-26,9.47155e-02,0.00000e+00,0.00000e+00,1,1.31875e+01,1.31875e+01,9.55614e-01,0.00000e+00
-5.90406e+01,6.64369e-26,6.64369e-26,9.47155e-02,0.00000e+00,0.00000e+00,1,1.32257e+01,1.32257e+01,9.55614e-01,0.00000e+00
-5.92271e+01,5.25379e-26,5.25379e-26,9.47155e-02,0.00000e+00,0.00000e+00,1,1.32639e+01,1.32639e+01,9.55614e-01,0.00000e+00
-5.94135e+01,3.86392e-26,3.86392e-26,9.47155e-02,0.00000e+00,0.00000e+00,1,1.33021e+01,1.33021e+01,9.55614e-01,0.00000e+00
-5.96000e+01,2.47405e-26,2.47405e-26,9.47155e-02,0.00000e+00,0.00000e+00,1,1.33404e+01,1.33404e+01,9.55614e-01,0.00000e+00
-5.97864e+01,1.08415e-26,1.08415e-26,9.47155e-02,0.00000e+00,0.00000e+00,1,1.33786e+01,1.33786e+01,9.55614e-01,0.00000e+00
-5.99751e+01,1.02190e-26,1.02190e-26,9.47155e-02,0.00000e+00,0.00000e+00,1,1.34168e+01,1.34168e+01,9.55614e-01,0.00000e+00
-6.01638e+01,9.59657e-27,9.59657e-27,9.47155e-02,0.00000e+00,0.00000e+00,1,1.34550e+01,1.34550e+01,9.55614e-01,0.00000e+00
-6.03524e+01,8.97410e-27,8.97410e-27,9.47155e-02,0.00000e+00,0.00000e+00,1,1.34933e+01,1.34933e+01,9.55614e-01,0.00000e+00
-6.05411e+01,8.35164e-27,8.35164e-27,9.47155e-02,0.00000e+00,0.00000e+00,1,1.35315e+01,1.35315e+01,9.55614e-01,0.00000e+00
-6.07298e+01,7.72919e-27,7.72919e-27,9.47155e-02,0.00000e+00,0.00000e+00,1,1.35697e+01,1.35697e+01,9.55614e-01,0.00000e+00
-6.09184e+01,7.10671e-27,7.10671e-27,9.47155e-02,0.00000e+00,0.00000e+00,1,1.36079e+01,1.36079e+01,9.55614e-01,0.00000e+00
-6.11071e+01,6.48426e-27,6.48426e-27,9.47155e-02,0.00000e+00,0.00000e+00,1,1.36462e+01,1.36462e+01,9.55614e-01,0.00000e+00
-6.12958e+01,5.86180e-27,5.86180e-27,9.47155e-02,0.00000e+00,0.00000e+00,1,1.36844e+01,1.36844e+01,9.55614e-01,0.00000e+00
-6.14845e+01,5.23933e-27,5.23933e-27,9.47155e-02,0.00000e+00,0.00000e+00,1,1.37226e+01,1.37226e+01,9.55614e-01,0.00000e+00
-6.16731e+01,4.61688e-27,4.61688e-27,9.47155e-02,0.00000e+00,0.00000e+00,1,1.37608e+01,1.37608e+01,9.55614e-01,0.00000e+00
-6.18618e+01,3.99441e-27,3.99441e-27,9.47155e-02,0.00000e+00,0.00000e+00,1,1.37991e+01,1.37991e+01,9.55614e-01,0.00000e+00
-6.20505e+01,3.37195e-27,3.37195e-27,9.47155e-02,0.00000e+00,0.00000e+00,1,1.38373e+01,1.38373e+01,9.55614e-01,0.00000e+00
-6.22391e+01,2.74950e-27,2.74950e-27,9.47155e-02,0.00000e+00,0.00000e+00,1,1.38755e+01,1.38755e+01,9.55614e-01,0.00000e+00
-6.24278e+01,2.12702e-27,2.12702e-27,9.47155e-02,0.00000e+00,0.00000e+00,1,1.39137e+01,1.39137e+01,9.55614e-01,0.00000e+00
-6.26165e+01,1.50457e-27,1.50457e-27,9.47155e-02,0.00000e+00,0.00000e+00,1,1.39520e+01,1.39520e+01,9.55614e-01,0.00000e+00
-6.28051e+01,8.82114e-28,8.82114e-28,9.47155e-02,0.00000e+00,0.00000e+00,1,1.39902e+01,1.39902e+01,9.55614e-01,0.00000e+00
-6.29945e+01,4.58183e-28,4.58183e-28,9.47155e-02,0.00000e+00,0.00000e+00,1,1.40284e+01,1.40284e+01,9.55614e-01,0.00000e+00
-6.31854e+01,4.31320e-28,4.31320e-28,9.47155e-02,0.00000e+00,0.00000e+00,1,1.40666e+01,1.40666e+01,9.55614e-01,0.00000e+00
-6.33763e+01,4.04456e-28,4.04456e-28,9.47155e-02,0.00000e+00,0.00000e+00,1,1.41049e+01,1.41049e+01,9.55614e-01,0.00000e+00
-6.35671e+01,3.77592e-28,3.77592e-28,9.47155e-02,0.00000e+00,0.00000e+00,1,1.41431e+01,1.41431e+01,9.55614e-01,0.00000e+00
-6.37580e+01,3.50729e-28,3.50729e-28,9.47155e-02,0.00000e+00,0.00000e+00,1,1.41813e+01,1.41813e+01,9.55614e-01,0.00000e+00
-6.39488e+01,3.23865e-28,3.23865e-28,9.47155e-02,0.00000e+00,0.00000e+00,1,1.42195e+01,1.42195e+01,9.55614e-01,0.00000e+00
-6.41397e+01,2.97001e-28,2.97001e-28,9.47155e-02,0.00000e+00,0.00000e+00,1,1.42578e+01,1.42578e+01,9.55614e-01,0.00000e+00
-6.43305e+01,2.70137e-28,2.70137e-28,9.47155e-02,0.00000e+00,0.00000e+00,1,1.42960e+01,1.42960e+01,9.55614e-01,0.00000e+00
-6.45214e+01,2.43274e-28,2.43274e-28,9.47155e-02,0.00000e+00,0.00000e+00,1,1.43342e+01,1.43342e+01,9.55614e-01,0.00000e+00
-6.47122e+01,2.16410e-28,2.16410e-28,9.47155e-02,0.00000e+00,0.00000e+00,1,1.43724e+01,1.43724e+01,9.55614e-01,0.00000e+00
-6.49031e+01,1.89546e-28,1.89546e-28,9.47155e-02,0.00000e+00,0.00000e+00,1,1.44107e+01,1.44107e+01,9.55614e-01,0.00000e+00
-6.50939e+01,1.62682e-28,1.62682e-28,9.47155e-02,0.00000e+00,0.00000e+00,1,1.44489e+01,1.44489e+01,9.55614e-01,0.00000e+00
-6.52848e+01,1.35818e-28,1.35818e-28,9.47155e-02,0.00000e+00,0.00000e+00,1,1.44871e+01,1.44871e+01,9.55614e-01,0.00000e+00
-6.54756e+01,1.08955e-28,1.08955e-28,9.47155e-02,0.00000e+00,0.00000e+00,1,1.45253e+01,1.45253e+01,9.55614e-01,0.00000e+00
-6.56665e+01,8.20907e-29,8.20907e-29,9.47155e-02,0.00000e+00,0.00000e+00,1,1.45636e+01,1.45636e+01,9.55614e-01,0.00000e+00
-6.58574e+01,5.52272e-29,5.52272e-29,9.47155e-02,0.00000e+00,0.00000e+00,1,1.46018e+01,1.46018e+01,9.55614e-01,0.00000e+00
-6.60482e+01,2.83637e-29,2.83637e-29,9.47155e-02,0.00000e+00,0.00000e+00,1,1.46400e+01,1.46400e+01,9.55614e-01,0.00000e+00
-6.62405e+01,1.86635e-29,1.86635e-29,9.47155e-02,0.00000e+00,0.00000e+00,1,1.46782e+01,1.46782e+01,9.55614e-01,0.00000e+00
-6.64335e+01,1.75457e-29,1.75457e-29,9.47155e-02,0.00000e+00,0.00000e+00,1,1.47165e+01,1.47165e+01,9.55614e-01,0.00000e+00
-6.66265e+01,1.64279e-29,1.64279e-29,9.47155e-02,0.00000e+00,0.00000e+00,1,1.47547e+01,1.47547e+01,9.55614e-01,0.00000e+00
-6.68195e+01,1.53100e-29,1.53100e-29,9.47155e-02,0.00000e+00,0.00000e+00,1,1.47929e+01,1.47929e+01,9.55614e-01,0.00000e+00
-6.70125e+01,1.41922e-29,1.41922e-29,9.47155e-02,0.00000e+00,0.00000e+00,1,1.48311e+01,1.48311e+01,9.55614e-01,0.00000e+00
-6.72055e+01,1.30743e-29,1.30743e-29,9.47155e-02,0.00000e+00,0.00000e+00,1,1.48694e+01,1.48694e+01,9.55614e-01,0.00000e+00
-6.73985e+01,1.19565e-29,1.19565e-29,9.47155e-02,0.00000e+00,0.00000e+00,1,1.49076e+01,1.49076e+01,9.55614e-01,0.00000e+00
-6.75915e+01,1.08387e-29,1.08387e-29,9.47155e-02,0.00000e+00,0.00000e+00,1,1.49458e+01,1.49458e+01,9.55614e-01,0.00000e+00
-6.77845e+01,9.72079e-30,9.72079e-30,9.47155e-02,0.00000e+00,0.00000e+00,1,1.49840e+01,1.49840e+01,9.55614e-01,0.00000e+00
-6.79775e+01,8.60296e-30,8.60296e-30,9.47155e-02,0.00000e+00,0.00000e+00,1,1.50223e+01,1.50223e+01,9.55614e-01,0.00000e+00
-6.81705e+01,7.48513e-30,7.48513e-30,9.47155e-02,0.00000e+00,0.00000e+00,1,1.50605e+01,1.50605e+01,9.55614e-01,0.00000e+00
-6.83635e+01,6.36727e-30,6.36727e-30,9.47155e-02,0.00000e+00,0.00000e+00,1,1.50987e+01,1.50987e+01,9.55614e-01,0.00000e+00
-6.85565e+01,5.24944e-30,5.24944e-30,9.47155e-02,0.00000e+00,0.00000e+00,1,1.51369e+01,1.51369e+01,9.55614e-01,0.00000e+00
-6.87495e+01,4.13161e-30,4.13161e-30,9.47155e-02,0.00000e+00,0.00000e+00,1,1.51751e+01,1.51751e+01,9.55614e-01,0.00000e+00
-6.89425e+01,3.01375e-30,3.01375e-30,9.47155e-02,0.00000e+00,0.00000e+00,1,1.52134e+01,1.52134e+01,9.55614e-01,0.00000e+00
-6.91355e+01,1.89592e-30,1.89592e-30,9.47155e-02,0.00000e+00,0.00000e+00,1,1.52516e+01,1.52516e+01,9.55614e-01,0.00000e+00
-6.93285e+01,7.78088e-31,7.78088e-31,9.47155e-02,0.00000e+00,0.00000e+00,1,1.52898e+01,1.52898e+01,9.55614e-01,0.00000e+00
-6.95236e+01,7.33209e-31,7.33209e-31,9.47155e-02,0.00000e+00,0.00000e+00,1,1.53280e+01,1.53280e+01,9.55614e-01,0.00000e+00
-6.97187e+01,6.88331e-31,6.88331e-31,9.47155e-02,0.00000e+00,0.00000e+00,1,1.53663e+01,1.53663e+01,9.55614e-01,0.00000e+00
-6.99138e+01,6.43454e-31,6.43454e-31,9.47155e-02,0.00000e+00,0.00000e+00,1,1.54045e+01,1.54045e+01,9.55614e-01,0.00000e+00
-7.01089e+01,5.98575e-31,5.98575e-31,9.47155e-02,0.00000e+00,0.00000e+00,1,1.54427e+01,1.54427e+01,9.55614e-01,0.00000e+00
-7.03040e+01,5.53697e-31,5.53697e-31,9.47155e-02,0.00000e+00,0.00000e+00,1,1.54809e+01,1.54809e+01,9.55614e-01,0.00000e+00
-7.04991e+01,5.08818e-31,5.08818e-31,9.47155e-02,0.00000e+00,0.00000e+00,1,1.55192e+01,1.55192e+01,9.55614e-01,0.00000e+00
-7.06942e+01,4.63941e-31,4.63941e-31,9.47155e-02,0.00000e+00,0.00000e+00,1,1.55574e+01,1.55574e+01,9.55614e-01,0.00000e+00
-7.08893e+01,4.19063e-31,4.19063e-31,9.47155e-02,0.00000e+00,0.00000e+00,1,1.55956e+01,1.55956e+01,9.55614e-01,0.00000e+00
-7.10844e+01,3.74184e-31,3.74184e-31,9.47155e-02,0.00000e+00,0.00000e+00,1,1.56338e+01,1.56338e+01,9.55614e-01,0.00000e+00
-7.12795e+01,3.29307e-31,3.29307e-31,9.47155e-02,0.00000e+00,0.00000e+00,1,1.56721e+01,1.56721e+01,9.55614e-01,0.00000e+00
-7.14746e+01,2.84429e-31,2.84429e-31,9.47155e-02,0.00000e+00,0.00000e+00,1,1.57103e+01,1.57103e+01,9.55614e-01,0.00000e+00
-7.16697e+01,2.39550e-31,2.39550e-31,9.47155e-02,0.00000e+00,0.00000e+00,1,1.57485e+01,1.57485e+01,9.55614e-01,0.00000e+00
-7.18648e+01,1.94673e-31,1.94673e-31,9.47155e-02,0.00000e+00,0.00000e+00,1,1.57867e+01,1.57867e+01,9.55614e-01,0.00000e+00
-7.20599e+01,1.49795e-31,1.49795e-31,9.47155e-02,0.00000e+00,0.00000e+00,1,1.58250e+01,1.58250e+01,9.55614e-01,0.00000e+00
-7.22550e+01,1.04916e-31,1.04916e-31,9.47155e-02,0.00000e+00,0.00000e+00,1,1.58632e+01,1.58632e+01,9.55614e-01,0.00000e+00
-7.24501e+01,6.00388e-32,6.00388e-32,9.47155e-02,0.00000e+00,0.00000e+00,1,1.59014e+01,1.59014e+01,9.55614e-01,0.00000e+00
-7.26458e+01,2.95401e-32,2.95401e-32,9.47155e-02,0.00000e+00,0.00000e+00,1,1.59396e+01,1.59396e+01,9.55614e-01,0.00000e+00
-7.28430e+01,2.78005e-32,2.78005e-32,9.47155e-02,0.00000e+00,0.00000e+00,1,1.59779e+01,1.59779e+01,9.55614e-01,0.00000e+00
-7.30401e+01,2.60609e-32,2.60609e-32,9.47155e-02,0.00000e+00,0.00000e+00,1,1.60161e+01,1.60161e+01,9.55614e-01,0.00000e+00
-7.32373e+01,2.43213e-32,2.43213e-32,9.47155e-02,0.00000e+00,0.00000e+00,1,1.60543e+01,1.60543e+01,9.55614e-01,0.00000e+00
-7.34344e+01,2.25818e-32,2.25818e-32,9.47155e-02,0.00000e+00,0.00000e+00,1,1.60925e+01,1.60925e+01,9.55614e-01,0.00000e+00
-7.36316e+01,2.08421e-32,2.08421e-32,9.47155e-02,0.00000e+00,0.00000e+00,1,1.61308e+01,1.61308e+01,9.55614e-01,0.00000e+00
-7.38288e+01,1.91025e-32,1.91025e-32,9.47155e-02,0.00000e+00,0.00000e+00,1,1.61690e+01,1.61690e+01,9.55614e-01,0.00000e+00
-7.40259e+01,1.73630e-32,1.73630e-32,9.47155e-02,0.00000e+00,0.00000e+00,1,1.62072e+01,1.62072e+01,9.55614e-01,0.00000e+00
-7.42231e+01,1.56234e-32,1.56234e-32,9.47155e-02,0.00000e+00,0.00000e+00,1,1.62454e+01,1.62454e+01,9.55614e-01,0.00000e+00
-7.44202e+01,1.38837e-32,1.38837e-32,9.47155e-02,0.00000e+00,0.00000e+00,1,1.62837e+01,1.62837e+01,9.55614e-01,0.00000e+00
-7.46174e+01,1.21441e-32,1.21441e-32,9.47155e-02,0.00000e+00,0.00000e+00,1,1.63219e+01,1.63219e+01,9.55614e-01,0.00000e+00
-7.48145e+01,1.04046e-32,1.04046e-32,9.47155e-02,0.00000e+00,0.00000e+00,1,1.63601e+01,1.63601e+01,9.55614e-01,0.00000e+00
-7.50117e+01,8.66496e-33,8.66496e-33,9.47155e-02,0.00000e+00,0.00000e+00,1,1.63983e+01,1.63983e+01,9.55614e-01,0.00000e+00
-7.52088e+01,6.92533e-33,6.92533e-33,9.47155e-02,0.00000e+00,0.00000e+00,1,1.64366e+01,1.64366e+01,9.55614e-01,0.00000e+00
-7.54060e+01,5.18580e-33,5.18580e-33,9.47155e-02,0.00000e+00,0.00000e+00,1,1.64748e+01,1.64748e+01,9.55614e-01,0.00000e+00
-7.56031e+01,3.44617e-33,3.44617e-33,9.47155e-02,0.00000e+00,0.00000e+00,1,1.65130e+01,1.65130e+01,9.55614e-01,0.00000e+00
-7.58003e+01,1.70655e-33,1.70655e-33,9.47155e-02,0.00000e+00,0.00000e+00,1,1.65512e+01,1.65512e+01,9.55614e-01,0.00000e+00
-7.59988e+01,1.08327e-33,1.08327e-33,9.47155e-02,0.00000e+00,0.00000e+00,1,1.65895e+01,1.65895e+01,9.55614e-01,0.00000e+00
-7.61979e+01,1.01811e-33,1.01811e-33,9.47155e-02,0.00000e+00,0.00000e+00,1,1.66277e+01,1.66277e+01,9.55614e-01,0.00000e+00
-7.63971e+01,9.52953e-34,9.52953e-34,9.47155e-02,0.00000e+00,0.00000e+00,1,1.66659e+01,1.66659e+01,9.55614e-01,0.00000e+00
-7.65963e+01,8.87799e-34,8.87799e-34,9.47155e-02,0.00000e+00,0.00000e+00,1,1.67041e+01,1.67041e+01,9.55614e-01,0.00000e+00
-7.67954e+01,8.22641e-34,8.22641e-34,9.47155e-02,0.00000e+00,0.00000e+00,1,1.67424e+01,1.67424e+01,9.55614e-01,0.00000e+00
-7.69946e+01,7.57483e-34,7.57483e-34,9.47155e-02,0.00000e+00,0.00000e+00,1,1.67806e+01,1.67806e+01,9.55614e-01,0.00000e+00
-7.71937e+01,6.92329e-34,6.92329e-34,9.47155e-02,0.00000e+00,0.00000e+00,1,1.68188e+01,1.68188e+01,9.55614e-01,0.00000e+00
-7.73929e+01,6.27171e-34,6.27171e-34,9.47155e-02,0.00000e+00,0.00000e+00,1,1.68570e+01,1.68570e+01,9.55614e-01,0.00000e+00
-7.75921e+01,5.62013e-34,5.62013e-34,9.47155e-02,0.00000e+00,0.00000e+00,1,1.68953e+01,1.68953e+01,9.55614e-01,0.00000e+00
-7.77912e+01,4.96859e-34,4.96859e-34,9.47155e-02,0.00000e+00,0.00000e+00,1,1.69335e+01,1.69335e+01,9.55614e-01,0.00000e+00
-7.79904e+01,4.31701e-34,4.31701e-34,9.47155e-02,0.00000e+00,0.00000e+00,1,1.69717e+01,1.69717e+01,9.55614e-01,0.00000e+00
-7.81895e+01,3.66543e-34,3.66543e-34,9.47155e-02,0.00000e+00,0.00000e+00,1,1.70099e+01,1.70099e+01,9.55614e-01,0.00000e+00
-7.83887e+01,3.01388e-34,3.01388e-34,9.47155e-02,0.00000e+00,0.00000e+00,1,1.70482e+01,1.70482e+01,9.55614e-01,0.00000e+00
-7.85879e+01,2.36231e-34,2.36231e-34,9.47155e-02,0.00000e+00,0.00000e+00,1,1.70864e+01,1.70864e+01,9.55614e-01,0.00000e+00
-7.87870e+01,1.71073e-34,1.71073e-34,9.47155e-02,0.00000e+00,0.00000e+00,1,1.71246e+01,1.71246e+01,9.55614e-01,0.00000e+00
-7.89862e+01,1.05918e-34,1.05918e-34,9.47155e-02,0.00000e+00,0.00000e+00,1,1.71628e+01,1.71628e+01,9.55614e-01,0.00000e+00
-7.91853e+01,4.07606e-35,4.07606e-35,9.47155e-02,0.00000e+00,0.00000e+00,1,1.72011e+01,1.72011e+01,9.55614e-01,0.00000e+00
-7.93865e+01,3.84005e-35,3.84005e-35,9.47155e-02,0.00000e+00,0.00000e+00,1,1.72393e+01,1.72393e+01,9.55614e-01,0.00000e+00
-7.95876e+01,3.60406e-35,3.60406e-35,9.47155e-02,0.00000e+00,0.00000e+00,1,1.72775e+01,1.72775e+01,9.55614e-01,0.00000e+00
-7.97887e+01,3.36806e-35,3.36806e-35,9.47155e-02,0.00000e+00,0.00000e+00,1,1.73157e+01,1.73157e+01,9.55614e-01,0.00000e+00
-7.99898e+01,3.13205e-35,3.13205e-35,9.47155e-02,0.00000e+00,0.00000e+00,1,1.73540e+01,1.73540e+01,9.55614e-01,0.00000e+00
-8.01909e+01,2.89606e-35,2.89606e-35,9.47155e-02,0.00000e+00,0.00000e+00,1,1.73922e+01,1.73922e+01,9.55614e-01,0.00000e+00
-8.03921e+01,2.66006e-35,2.66006e-35,9.47155e-02,0.00000e+00,0.00000e+00,1,1.74304e+01,1.74304e+01,9.55614e-01,0.00000e+00
-8.05932e+01,2.42405e-35,2.42405e-35,9.47155e-02,0.00000e+00,0.00000e+00,1,1.74686e+01,1.74686e+01,9.55614e-01,0.00000e+00
-8.07943e+01,2.18805e-35,2.18805e-35,9.47155e-02,0.00000e+00,0.00000e+00,1,1.75068e+01,1.75068e+01,9.55614e-01,0.00000e+00
-8.09954e+01,1.95206e-35,1.95206e-35,9.47155e-02,0.00000e+00,0.00000e+00,1,1.75451e+01,1.75451e+01,9.55614e-01,0.00000e+00
-8.11965e+01,1.71605e-35,1.71605e-35,9.47155e-02,0.00000e+00,0.00000e+00,1,1.75833e+01,1.75833e+01,9.55614e-01,0.00000e+00
-8.13977e+01,1.48005e-35,1.48005e-35,9.47155e-02,0.00000e+00,0.00000e+00,1,1.76215e+01,1.76215e+01,9.55614e-01,0.00000e+00
-8.15988e+01,1.24406e-35,1.24406e-35,9.47155e-02,0.00000e+00,0.00000e+00,1,1.76597e+01,1.76597e+01,9.55614e-01,0.00000e+00
-8.17999e+01,1.00805e-35,1.00805e-35,9.47155e-02,0.00000e+00,0.00000e+00,1,1.76980e+01,1.76980e+01,9.55614e-01,0.00000e+00
-8.20010e+01,7.72047e-36,7.72047e-36,9.47155e-02,0.00000e+00,0.00000e+00,1,1.77362e+01,1.77362e+01,9.55614e-01,0.00000e+00
-8.22021e+01,5.36055e-36,5.36055e-36,9.47155e-02,0.00000e+00,0.00000e+00,1,1.77744e+01,1.77744e+01,9.55614e-01,0.00000e+00
-8.24033e+01,3.00051e-36,3.00051e-36,9.47155e-02,0.00000e+00,0.00000e+00,1,1.78126e+01,1.78126e+01,9.55614e-01,0.00000e+00
-8.26050e+01,1.39965e-36,1.39965e-36,9.47155e-02,0.00000e+00,0.00000e+00,1,1.78509e+01,1.78509e+01,9.55614e-01,0.00000e+00
-8.28080e+01,1.31692e-36,1.31692e-36,9.47155e-02,0.00000e+00,0.00000e+00,1,1.78891e+01,1.78891e+01,9.55614e-01,0.00000e+00
-8.30111e+01,1.23419e-36,1.23419e-36,9.47155e-02,0.00000e+00,0.00000e+00,1,1.79273e+01,1.79273e+01,9.55614e-01,0.00000e+00
-8.32141e+01,1.15146e-36,1.15146e-36,9.47155e-02,0.00000e+00,0.00000e+00,1,1.79655e+01,1.79655e+01,9.55614e-01,0.00000e+00
-8.34172e+01,1.06874e-36,1.06874e-36,9.47155e-02,0.00000e+00,0.00000e+00,1,1.80038e+01,1.80038e+01,9.55614e-01,0.00000e+00
-8.36202e+01,9.86004e-37,9.86004e-37,9.47155e-02,0.00000e+00,0.00000e+00,1,1.80420e+01,1.80420e+01,9.55614e-01,0.00000e+00
-8.38232e+01,9.03273e-37,9.03273e-37,9.47155e-02,0.00000e+00,0.00000e+00,1,1.80802e+01,1.80802e+01,9.55614e-01,0.00000e+00
-8.40263e+01,8.20547e-37,8.20547e-37,9.47155e-02,0.00000e+00,0.00000e+00,1,1.81184e+01,1.81184e+01,9.55614e-01,0.00000e+00
-8.42293e+01,7.37816e-37,7.37816e-37,9.47155e-02,0.00000e+00,0.00000e+00,1,1.81567e+01,1.81567e+01,9.55614e-01,0.00000e+00
-8.44324e+01,6.55085e-37,6.55085e-37,9.47155e-02,0.00000e+00,0.00000e+00,1,1.81949e+01,1.81949e+01,9.55614e-01,0.00000e+00
-8.46354e+01,5.72358e-37,5.72358e-37,9.47155e-02,0.00000e+00,0.00000e+00,1,1.82331e+01,1.82331e+01,9.55614e-01,0.00000e+00
-8.48384e+01,4.89627e-37,4.89627e-37,9.47155e-02,0.00000e+00,0.00000e+00,1,1.82713e+01,1.82713e+01,9.55614e-01,0.00000e+00
-8.50415e+01,4.06896e-37,4.06896e-37,9.47155e-02,0.00000e+00,0.00000e+00,1,1.83096e+01,1.83096e+01,9.55614e-01,0.00000e+00
-8.52445e+01,3.24169e-37,3.24169e-37,9.47155e-02,0.00000e+00,0.00000e+00,1,1.83478e+01,1.83478e+01,9.55614e-01,0.00000e+00
-8.54475e+01,2.41438e-37,2.41438e-37,9.47155e-02,0.00000e+00,0.00000e+00,1,1.83860e+01,1.83860e+01,9.55614e-01,0.00000e+00
-8.56506e+01,1.58707e-37,1.58707e-37,9.47155e-02,0.00000e+00,0.00000e+00,1,1.84242e+01,1.84242e+01,9.55614e-01,0.00000e+00
-8.58536e+01,7.59803e-38,7.59803e-38,9.47155e-02,0.00000e+00,0.00000e+00,1,1.84625e+01,1.84625e+01,9.55614e-01,0.00000e+00
-8.60316e+01,4.65874e-38,4.65874e-38,9.47155e-02,0.00000e+00,0.00000e+00,1,1.85007e+01,1.85007e+01,9.55614e-01,0.00000e+00
-8.61971e+01,4.38675e-38,4.38675e-38,9.47155e-02,0.00000e+00,0.00000e+00,1,1.85389e+01,1.85389e+01,9.55614e-01,0.00000e+00
-8.63626e+01,4.11476e-38,4.11476e-38,9.47155e-02,0.00000e+00,0.00000e+00,1,1.85771e+01,1.85771e+01,9.55614e-01,0.00000e+00
-8.65280e+01,3.84278e-38,3.84278e-38,9.47155e-02,0.00000e+00,0.00000e+00,1,1.86154e+01,1.86154e+01,9.55614e-01,0.00000e+00
-8.66935e+01,3.57080e-38,3.57080e-38,9.47155e-02,0.00000e+00,0.00000e+00,1,1.86536e+01,1.86536e+01,9.55614e-01,0.00000e+00
-8.68590e+01,3.29881e-38,3.29881e-38,9.47155e-02,0.00000e+00,0.00000e+00,1,1.86918e+01,1.86918e+01,9.55614e-01,0.00000e+00
-8.70245e+01,3.02683e-38,3.02683e-38,9.47155e-02,0.00000e+00,0.00000e+00,1,1.87300e+01,1.87300e+01,9.55614e-01,0.00000e+00
-8.71899e+01,2.75484e-38,2.75484e-38,9.47155e-02,0.00000e+00,0.00000e+00,1,1.87683e+01,1.87683e+01,9.55614e-01,0.00000e+00
-8.73554e+01,2.48286e-38,2.48286e-38,9.47155e-02,0.00000e+00,0.00000e+00,1,1.88065e+01,1.88065e+01,9.55614e-01,0.00000e+00
-8.75209e+01,2.21088e-38,2.21088e-38,9.47155e-02,0.00000e+00,0.00000e+00,1,1.88447e+01,1.88447e+01,9.55614e-01,0.00000e+00
-8.76863e+01,1.93889e-38,1.93889e-38,9.47155e-02,0.00000e+00,0.00000e+00,1,1.88829e+01,1.88829e+01,9.55614e-01,0.00000e+00
-8.78518e+01,1.66690e-38,1.66690e-38,9.47155e-02,0.00000e+00,0.00000e+00,1,1.89212e+01,1.89212e+01,9.55614e-01,0.00000e+00
-8.80173e+01,1.39493e-38,1.39493e-38,9.47155e-02,0.00000e+00,0.00000e+00,1,1.89594e+01,1.89594e+01,9.55614e-01,0.00000e+00
-8.81828e+01,1.12294e-38,1.12294e-38,9.47155e-02,0.00000e+00,0.00000e+00,1,1.89976e+01,1.89976e+01,9.55614e-01,0.00000e+00
-8.83482e+01,8.50951e-39,8.50951e-39,9.47155e-02,0.00000e+00,0.00000e+00,1,1.90358e+01,1.90358e+01,9.55614e-01,0.00000e+00
-8.85137e+01,5.78976e-39,5.78976e-39,9.47155e-02,0.00000e+00,0.00000e+00,1,1.90741e+01,1.90741e+01,9.55614e-01,0.00000e+00
-8.86792e+01,3.06987e-39,3.06987e-39,9.47155e-02,0.00000e+00,0.00000e+00,1,1.91123e+01,1.91123e+01,9.55614e-01,0.00000e+00
nan,nan,nan,nan,nan,nan,0,1.91505e+01,1.91505e+01,9.55614e-01,0.00000e+00
nan,nan,nan,nan,nan,nan,0,1.91887e+01,1.91887e+01,9.55614e-01,0.00000e+00
nan,nan,nan,nan,nan,nan,0,1.92270e+01,1.92270e+01,9.55614e-01,0.00000e+00
nan,nan,nan,nan,nan,nan,0,1.92652e+01,1.92652e+01,9.55614e-01,0.00000e+00
nan,nan,nan,nan,nan,nan,0,1.93034e+01,1.93034e+01,9.55614e-01,0.00000e+00
nan,nan,nan,nan,nan,nan,0,1.93416e+01,1.93416e+01,9.55614e-01,0.00000e+00
nan,nan,nan,nan,nan,nan,0,1.93799e+01,1.93799e+01,9.55614e-01,0.00000e+00
nan,nan,nan,nan,nan,nan,0,1.94181e+01,1.94181e+01,9.55614e-01,0.00000e+00
nan,nan,nan,nan,nan,nan,0,1.94563e+01,1.94563e+01,9.55614e-01,0.00000e+00
nan,nan,nan,nan,nan,nan,0,1.94945e+01,1.94945e+01,9.55614e-01,0.00000e+00
nan,nan,nan,nan,nan,nan,0,1.95327e+01,1.95327e+01,9.55614e-01,0.00000e+00
nan,nan,nan,nan,nan,nan,0,1.95710e+01,1.95710e+01,9.55614e-01,0.00000e+00
nan,nan,nan,nan,nan,nan,0,1.96092e+01,1.96092e+01,9.55614e-01,0.00000e+00
nan,nan,nan,nan,nan,nan,0,1.96474e+01,1.96474e+01,9.55614e-01,0.00000e+00
nan,nan,nan,nan,nan,nan,0,1.96856e+01,1.96856e+01,9.55614e-01,0.00000e+00
nan,nan,nan,nan,nan,nan,0,1.97239e+01,1.97239e+01,9.55614e-01,0.00000e+00
nan,nan,nan,nan,nan,nan,0,1.97621e+01,1.97621e+01,9.55614e-01,0.00000e+00
nan,nan,nan,nan,nan,nan,0,1.98003e+01,1.98003e+01,9.55614e-01,0.00000e+00
nan,nan,nan,nan,nan,nan,0,1.98385e+01,1.98385e+01,9.55614e-01,0.00000e+00
nan,nan,nan,nan,nan,nan,0,1.98768e+01,1.98768e+01,9.55614e-01,0.00000e+00
nan,nan,nan,nan,nan,nan,0,1.99150e+01,1.99150e+01,9.55614e-01,0.00000e+00
nan,nan,nan,nan,nan,nan,0,1.99532e+01,1.99532e+01,9.55614e-01,0.00000e+00
nan,nan,nan,nan,nan,nan,0,1.99914e+01,1.99914e+01,9.55614e-01,0.00000e+00
nan,nan,nan,nan,nan,nan,0,2.00297e+01,2.00297e+01,9.55614e-01,0.00000e+00
nan,nan,nan,nan,nan,nan,0,2.00679e+01,2.00679e+01,9.55614e-01,0.00000e+00
nan,nan,nan,nan,nan,nan,0,2.01061e+01,2.01061e+01,9.55614e-01,0.00000e+00
nan,nan,nan,nan,nan,nan,0,2.01443e+01,2.01443e+01,9.55614e-01,0.00000e+00
nan,nan,nan,nan,nan,nan,0,2.01826e+01,2.01826e+01,9.55614e-01,0.00000e+00
nan,nan,nan,nan,nan,nan,0,2.02208e+01,2.02208e+01,9.55614e-01,0.00000e+00
nan,nan,nan,nan,nan,nan,0,2.02590e+01,2.02590e+01,9.55614e-01,0.00000e+00
nan,nan,nan,nan,nan,nan,0,2.02972e+01,2.02972e+01,9.55614e-01,0.00000e+00
nan,nan,nan,nan,nan,nan,0,2.03355e+01,2.03355e+01,9.55614e-01,0.00000e+00
nan,nan,nan,nan,nan,nan,0,2.03737e+01,2.03737e+01,9.55614e-01,0.00000e+00
nan,nan,nan,nan,nan,nan,0,2.04119e+01,2.04119e+01,9.55614e-01,0.00000e+00
nan,nan,nan,nan,nan,nan,0,2.04501e+01,2.04501e+01,9.55614e-01,0.00000e+00
nan,nan,nan,nan,nan,nan,0,2.04884e+01,2.04884e+01,9.55614e-01,0.00000e+00
nan,nan,nan,nan,nan,nan,0,2.05266e+01,2.05266e+01,9.55614e-01,0.00000e+00
nan,nan,nan,nan,nan,nan,0,2.05648e+01,2.05648e+01,9.55614e-01,0.00000e+00
nan,nan,nan,nan,nan,nan,0,2.06030e+01,2.06030e+01,9.55614e-01,0.00000e+00
nan,nan,nan,nan,nan,nan,0,2.06413e+01,2.06413e+01,9.55614e-01,0.00000e+00
nan,nan,nan,nan,nan,nan,0,2.06795e+01,2.06795e+01,9.55614e-01,0.00000e+00
nan,nan,nan,nan,nan,nan,0,2.07177e+01,2.07177e+01,9.55614e-01,0.00000e+00
nan,nan,nan,nan,nan,nan,0,2.07559e+01,2.07559e+01,9.55614e-01,0.00000e+00
nan,nan,nan,nan,nan,nan,0,2.07942e+01,2.07942e+01,9.55614e-01,0.00000e+00
nan,nan,nan,nan,nan,nan,0,2.08324e+01,2.08324e+01,9.55614e-01,0.00000e+00
nan,nan,nan,nan,nan,nan,0,2.08706e+01,2.08706e+01,9.55614e-01,0.00000e+00
nan,nan,nan,nan,nan,nan,0,2.09088e+01,2.09088e+01,9.55614e-01,0.00000e+00
nan,nan,nan,nan,nan,nan,0,2.09471e+01,2.09471e+01,9.55614e-01,0.00000e+00
nan,nan,nan,nan,nan,nan,0,2.09853e+01,2.09853e+01,9.55614e-01,0.00000e+00
nan,nan,nan,nan,nan,nan,0,2.10235e+01,2.10235e+01,9.55614e-01,0.00000e+00
nan,nan,nan,nan,nan,nan,0,2.10617e+01,2.10617e+01,9.55614e-01,0.00000e+00
nan,nan,nan,nan,nan,nan,0,2.11000e+01,2.11000e+01,9.55614e-01,0.00000e+00
nan,nan,nan,nan,nan,nan,0,2.11382e+01,2.11382e+01,9.55614e-01,0.00000e+00
nan,nan,nan,nan,nan,nan,0,2.11764e+01,2.11764e+01,9.55614e-01,0.00000e+00
nan,nan,nan,nan,nan,nan,0,2.12146e+01,2.12146e+01,9.55614e-01,0.00000e+00
nan,nan,nan,nan,nan,nan,0,2.12529e+01,2.12529e+01,9.55614e-01,0.00000e+00
nan,nan,nan,nan,nan,nan,0,2.12911e+01,2.12911e+01,9.55614e-01,0.00000e+00
nan,nan,nan,nan,nan,nan,0,2.13293e+01,2.13293e+01,9.55614e-01,0.00000e+00
nan,nan,nan,nan,nan,nan,0,2.13675e+01,2.13675e+01,9.55614e-01,0.00000e+00
nan,nan,nan,nan,nan,nan,0,2.14058e+01,2.14058e+01,9.55614e-01,0.00000e+00
nan,nan,nan,nan,nan,nan,0,2.14440e+01,2.14440e+01,9.55614e-01,0.00000e+00
nan,nan,nan,nan,nan,nan,0,2.14822e+01,2.14822e+01,9.55614e-01,0.00000e+00
nan,nan,nan,nan,nan,nan,0,2.15204e+01,2.15204e+01,9.55614e-01,0.00000e+00
nan,nan,nan,nan,nan,nan,0,2.15587e+01,2.15587e+01,9.55614e-01,0.00000e+00
nan,nan,nan,nan,nan,nan,0,2.15969e+01,2.15969e+01,9.55614e-01,0.00000e+00
nan,nan,nan,nan,nan,nan,0,2.16351e+01,2.16351e+01,9.55614e-01,0.00000e+00
nan,nan,nan,nan,nan,nan,0,2.16733e+01,2.16733e+01,9.55614e-01,0.00000e+00
nan,nan,nan,nan,nan,nan,0,2.17115e+01,2.17115e+01,9.55614e-01,0.00000e+00
nan,nan,nan,nan,nan,nan,0,2.17498e+01,2.17498e+01,9.55614e-01,0.00000e+00
nan,nan,nan,nan,nan,nan,0,2.17880e+01,2.17880e+01,9.55614e-01,0.00000e+00
nan,nan,nan,nan,nan,nan,0,2.18262e+01,2.18262e+01,9.55614e-01,0.00000e+00
nan,nan,nan,nan,nan,nan,0,2.18644e+01,2.18644e+01,9.55614e-01,0.00000e+00
nan,nan,nan,nan,nan,nan,0,2.19027e+01,2.19027e+01,9.55614e-01,0.00000e+00
nan,nan,nan,nan,nan,nan,0,2.19409e+01,2.19409e+01,9.55614e-01,0.00000e+00
nan,nan,nan,nan,nan,nan,0,2.19791e+01,2.19791e+01,9.55614e-01,0.00000e+00
nan,nan,nan,nan,nan,nan,0,2.20173e+01,2.20173e+01,9.55614e-01,0.00000e+00
nan,nan,nan,nan,nan,nan,0,2.20556e+01,2.20556e+01,9.55614e-01,0.00000e+00
nan,nan,nan,nan,nan,nan,0,2.20938e+01,2.20938e+01,9.55614e-01,0.00000e+00
nan,nan,nan,nan,nan,nan,0,2.21320e+01,2.21320e+01,9.55614e-01,0.00000e+00
nan,nan,nan,nan,nan,nan,0,2.21702e+01,2.21702e+01,9.55614e-01,0.00000e+00
nan,nan,nan,nan,nan,nan,0,2.22085e+01,2.22085e+01,9.55614e-01,0.00000e+00
nan,nan,nan,nan,nan,nan,0,2.22467e+01,2.22467e+01,9.55614e-01,0.00000e+00
nan,nan,nan,nan,nan,nan,0,2.22849e+01,2.22849e+01,9.55614e-01,0.00000e+00
nan,nan,nan,nan,nan,nan,0,2.23231e+01,2.23231e+01,9.55614e-01,0.00000e+00
nan,nan,nan,nan,nan,nan,0,2.23614e+01,2.23614e+01,9.55614e-01,0.00000e+00
nan,nan,nan,nan,nan,nan,0,2.23996e+01,2.23996e+01,9.55614e-01,0.00000e+00
nan,nan,nan,nan,nan,nan,0,2.24378e+01,2.24378e+01,9.55614e-01,0.00000e+00
nan,nan,nan,nan,nan,nan,0,2.24760e+01,2.24760e+01,9.55614e-01,0.00000e+00
nan,nan,nan,nan,nan,nan,0,2.25143e+01,2.25143e+01,9.55614e-01,0.00000e+00
nan,nan,nan,nan,nan,nan,0,2.25525e+01,2.25525e+01,9.55614e-01,0.00000e+00
nan,nan,nan,nan,nan,nan,0,2.25907e+01,2.25907e+01,9.55614e-01,0.00000e+00
nan,nan,nan,nan,nan,nan,0,2.26289e+01,2.26289e+01,9.55614e-01,0.00000e+00
nan,nan,nan,nan,nan,nan,0,2.26672e+01,2.26672e+01,9.55614e-01,0.00000e+00
nan,nan,nan,nan,nan,nan,0,2.27054e+01,2.27054e+01,9.55614e-01,0.00000e+00
nan,nan,nan,nan,nan,nan,0,2.27436e+01,2.27436e+01,9.55614e-01,0.00000e+00
nan,nan,nan,nan,nan,nan,0,2.27818e+01,2.27818e+01,9.55614e-01,0.00000e+00
nan,nan,nan,nan,nan,nan,0,2.28201e+01,2.28201e+01,9.55614e-01,0.00000e+00
nan,nan,nan,nan,nan,nan,0,2.28583e+01,2.28583e+01,9.55614e-01,0.00000e+00
nan,nan,nan,nan,nan,nan,0,2.28965e+01,2.28965e+01,9.55614e-01,0.00000e+00
nan,nan,nan,nan,nan,nan,0,2.29347e+01,2.29347e+01,9.55614e-01,0.00000e+00
nan,nan,nan,nan,nan,nan,0,2.29730e+01,2.29730e+01,9.55614e-01,0.00000e+00
nan,nan,nan,nan,nan,nan,0,2.30112e+01,2.30112e+01,9.55614e-01,0.00000e+00
nan,nan,nan,nan,nan,nan,0,2.30494e+01,2.30494e+01,9.55614e-01,0.00000e+00
nan,nan,nan,nan,nan,nan,0,2.30876e+01,2.30876e+01,9.55614e-01,0.00000e+00
nan,nan,nan,nan,nan,nan,0,2.31259e+01,2.31259e+01,9.55614e-01,0.00000e+00
nan,nan,nan,nan,nan,nan,0,2.31641e+01,2.31641e+01,9.55614e-01,0.00000e+00
nan,nan,nan,nan,nan,nan,0,2.32023e+01,2.32023e+01,9.55614e-01,0.00000e+00
nan,nan,nan,nan,nan,nan,0,2.32405e+01,2.32405e+01,9.55614e-01,0.00000e+00
nan,nan,nan,nan,nan,nan,0,2.32788e+01,2.32788e+01,9.55614e-01,0.00000e+00
nan,nan,nan,nan,nan,nan,0,2.33170e+01,2.33170e+01,9.55614e-01,0.00000e+00
nan,nan,nan,nan,nan,nan,0,2.33552e+01,2.33552e+01,9.55614e-01,0.00000e+00
nan,nan,nan,nan,nan,nan,0,2.33934e+01,2.33934e+01,9.55614e-01,0.00000e+00
nan,nan,nan,nan,nan,nan,0,2.34317e+01,2.34317e+01,9.55614e-01,0.00000e+00
nan,nan,nan,nan,nan,nan,0,2.34699e+01,2.34699e+01,9.55614e-01,0.00000e+00
nan,nan,nan,nan,nan,nan,0,2.35081e+01,2.35081e+01,9.55614e-01,0.00000e+00
nan,nan,nan,nan,nan,nan,0,2.35463e+01,2.35463e+01,9.55614e-01,0.00000e+00
nan,nan,nan,nan,nan,nan,0,2.35846e+01,2.35846e+01,9.55614e-01,0.00000e+00
nan,nan,nan,nan,nan,nan,0,2.36228e+01,2.36228e+01,9.55614e-01,0.00000e+00
nan,nan,nan,nan,nan,nan,0,2.36610e+01,2.36610e+01,9.55614e-01,0.00000e+00
nan,nan,nan,nan,nan,nan,0,2.36992e+01,2.36992e+01,9.55614e-01,0.00000e+00
nan,nan,nan,nan,nan,nan,0,2.37375e+01,2.37375e+01,9.55614e-01,0.00000e+00
nan,nan,nan,nan,nan,nan,0,2.37757e+01,2.37757e+01,9.55614e-01,0.00000e+00
nan,nan,nan,nan,nan,nan,0,2.38139e+01,2.38139e+01,9.55614e-01,0.00000e+00
nan,nan,nan,nan,nan,nan,0,2.38521e+01,2.38521e+01,9.55614e-01,0.00000e+00
nan,nan,nan,nan,nan,nan,0,2.38904e+01,2.38904e+01,9.55614e-01,0.00000e+00
nan,nan,nan,nan,nan,nan,0,2.39286e+01,2.39286e+01,9.55614e-01,0.00000e+00
nan,nan,nan,nan,nan,nan,0,2.39668e+01,2.39668e+01,9.55614e-01,0.00000e+00
nan,nan,nan,nan,nan,nan,0,2.40050e+01,2.40050e+01,9.55614e-01,0.00000e+00
nan,nan,nan,nan,nan,nan,0,2.40432e+01,2.40432e+01,9.55614e-01,0.00000e+00
nan,nan,nan,nan,nan,nan,0,2.40815e+01,2.40815e+01,9.55614e-01,0.00000e+00
nan,nan,nan,nan,nan,nan,0,2.41197e+01,2.41197e+01,9.55614e-01,0.00000e+00
nan,nan,nan,nan,nan,nan,0,2.41579e+01,2.41579e+01,9.55614e-01,0.00000e+00
nan,nan,nan,nan,nan,nan,0,2.41961e+01,2.41961e+01,9.55614e-01,0.00000e+00
nan,nan,nan,nan,nan,nan,0,2.42344e+01,2.42344e+01,9.55614e-01,0.00000e+00
nan,nan,nan,nan,nan,nan,0,2.42726e+01,2.42726e+01,9.55614e-01,0.00000e+00
nan,nan,nan,nan,nan,nan,0,2.43108e+01,2.43108e+01,9.55614e-01,0.00000e+00
nan,nan,nan,nan,nan,nan,0,2.43490e+01,2.43490e+01,9.55614e-01,0.00000e+00
nan,nan,nan,nan,nan,nan,0,2.43873e+01,2.43873e+01,9.55614e-01,0.00000e+00
nan,nan,nan,nan,nan,nan,0,2.44255e+01,2.44255e+01,9.55614e-01,0.00000e+00
nan,nan,nan,nan,nan,nan,0,2.44637e+01,2.44637e+01,9.55614e-01,0.00000e+00
nan,nan,nan,nan,nan,nan,0,2.45019e+01,2.45019e+01,9.55614e-01,0.00000e+00
nan,nan,nan,nan,nan,nan,0,2.45402e+01,2.45402e+01,9.55614e-01,0.00000e+00
nan,nan,nan,nan,nan,nan,0,2.45784e+01,2.45784e+01,9.55614e-01,0.00000e+00
nan,nan,nan,nan,nan,nan,0,2.46166e+01,2.46166e+01,9.55614e-01,0.00000e+00
nan,nan,nan,nan,nan,nan,0,2.46548e+01,2.46548e+01,9.55614e-01,0.00000e+00
nan,nan,nan,nan,nan,nan,0,2.46931e+01,2.46931e+01,9.55614e-01,0.00000e+00
nan,nan,nan,nan,nan,nan,0,2.47313e+01,2.47313e+01,9.55614e-01,0.00000e+00
nan,nan,nan,nan,nan,nan,0,2.47695e+01,2.47695e+01,9.55614e-01,0.00000e+00
nan,nan,nan,nan,nan,nan,0,2.48077e+01,2.48077e+01,9.55614e-01,0.00000e+00
nan,nan,nan,nan,nan,nan,0,2.48460e+01,2.48460e+01,9.55614e-01,0.00000e+00
nan,nan,nan,nan,nan,nan,0,2.48842e+01,2.48842e+01,9.55614e-01,0.00000e+00
nan,nan,nan,nan,nan,nan,0,2.49224e+01,2.49224e+01,9.55614e-01,0.00000e+00
nan,nan,nan,nan,nan,nan,0,2.49606e+01,2.49606e+01,9.55614e-01,0.00000e+00
nan,nan,nan,nan,nan,nan,0,2.49989e+01,2.49989e+01,9.55614e-01,0.00000e+00
nan,nan,nan,nan,nan,nan,0,2.50371e+01,2.50371e+01,9.55614e-01,0.00000e+00
nan,nan,nan,nan,nan,nan,0,2.50753e+01,2.50753e+01,9.55614e-01,0.00000e+00
nan,nan,nan,nan,nan,nan,0,2.51135e+01,2.51135e+01,9.55614e-01,0.00000e+00
nan,nan,nan,nan,nan,nan,0,2.51518e+01,2.51518e+01,9.55614e-01,0.00000e+00
nan,nan,nan,nan,nan,nan,0,2.51900e+01,2.51900e+01,9.55614e-01,0.00000e+00
nan,nan,nan,nan,nan,nan,0,2.52282e+01,2.52282e+01,9.55614e-01,0.00000e+00
nan,nan,nan,nan,nan,nan,0,2.52664e+01,2.52664e+01,9.55614e-01,0.00000e+00
nan,nan,nan,nan,nan,nan,0,2.53047e+01,2.53047e+01,9.55614e-01,0.00000e+00
nan,nan,nan,nan,nan,nan,0,2.53429e+01,2.53429e+01,9.55614e-01,0.00000e+00
nan,nan,nan,nan,nan,nan,0,2.53811e+01,2.53811e+01,9.55614e-01,0.00000e+00
nan,nan,nan,nan,nan,nan,0,2.54193e+01,2.54193e+01,9.55614e-01,0.00000e+00
nan,nan,nan,nan,nan,nan,0,2.54576e+01,2.54576e+01,9.55614e-01,0.00000e+00
nan,nan,nan,nan,nan,nan,0,2.54958e+01,2.54958e+01,9.55614e-01,0.00000e+00
nan,nan,nan,nan,nan,nan,0,2.55340e+01,2.55340e+01,9.55614e-01,0.00000e+00
nan,nan,nan,nan,nan,nan,0,2.55722e+01,2.55722e+01,9.55614e-01,0.00000e+00
nan,nan,nan,nan,nan,nan,0,2.56105e+01,2.56105e+01,9.55614e-01,0.00000e+00
nan,nan,nan,nan,nan,nan,0,2.56487e+01,2.56487e+01,9.55614e-01,0.00000e+00
nan,nan,nan,nan,nan,nan,0,2.56869e+01,2.56869e+01,9.55614e-01,0.00000e+00
nan,nan,nan,nan,nan,nan,0,2.57251e+01,2.57251e+01,9.55614e-01,0.00000e+00
nan,nan,nan,nan,nan,nan,0,2.57634e+01,2.57634e+01,9.55614e-01,0.00000e+00
nan,nan,nan,nan,nan,nan,0,2.58016e+01,2.58016e+01,9.55614e-01,0.00000e+00
nan,nan,nan,nan,nan,nan,0,2.58398e+01,2.58398e+01,9.55614e-01,0.00000e+00
nan,nan,nan,nan,nan,nan,0,2.58780e+01,2.58780e+01,9.55614e-01,0.00000e+00
nan,nan,nan,nan,nan,nan,0,2.59163e+01,2.59163e+01,9.55614e-01,0.00000e+00
nan,nan,nan,nan,nan,nan,0,2.59545e+01,2.59545e+01,9.55614e-01,0.00000e+00
nan,nan,nan,nan,nan,nan,0,2.59927e+01,2.59927e+01,9.55614e-01,0.00000e+00
nan,nan,nan,nan,nan,nan,0,2.60309e+01,2.60309e+01,9.55614e-01,0.00000e+00
nan,nan,nan,nan,nan,nan,0,2.60691e+01,2.60691e+01,9.55614e-01,0.00000e+00
nan,nan,nan,nan,nan,nan,0,2.61074e+01,2.61074e+01,9.55614e-01,0.00000e+00
nan,nan,nan,nan,nan,nan,0,2.61456e+01,2.61456e+01,9.55614e-01,0.00000e+00
nan,nan,nan,nan,nan,nan,0,2.61838e+01,2.61838e+01,9.55614e-01,0.00000e+00
nan,nan,nan,nan,nan,nan,0,2.62220e+01,2.62220e+01,9.55614e-01,0.00000e+00
nan,nan,nan,nan,nan,nan,0,2.62603e+01,2.62603e+01,9.55614e-01,0.00000e+00
nan,nan,nan,nan,nan,nan,0,2.62985e+01,2.62985e+01,9.55614e-01,0.00000e+00
nan,nan,nan,nan,nan,nan,0,2.63367e+01,2.63367e+01,9.55614e-01,0.00000e+00
nan,nan,nan,nan,nan,nan,0,2.63749e+01,2.63749e+01,9.55614e-01,0.00000e+00
nan,nan,nan,nan,nan,nan,0,2.64132e+01,2.64132e+01,9.55614e-01,0.00000e+00
nan,nan,nan,nan,nan,nan,0,2.64514e+01,2.64514e+01,9.55614e-01,0.00000e+00
nan,nan,nan,nan,nan,nan,0,2.64896e+01,2.64896e+01,9.55614e-01,0.00000e+00
nan,nan,nan,nan,nan,nan,0,2.65278e+01,2.65278e+01,9.55614e-01,0.00000e+00
nan,nan,nan,nan,nan,nan,0,2.65661e+01,2.65661e+01,9.55614e-01,0.00000e+00
nan,nan,nan,nan,nan,nan,0,2.66043e+01,2.66043e+01,9.55614e-01,0.00000e+00
nan,nan,nan,nan,nan,nan,0,2.66425e+01,2.66425e+01,9.55614e-01,0.00000e+00
nan,nan,nan,nan,nan,nan,0,2.66807e+01,2.66807e+01,9.55614e-01,0.00000e+00
nan,nan,nan,nan,nan,nan,0,2.67190e+01,2.67190e+01,9.55614e-01,0.00000e+00
nan,nan,nan,nan,nan,nan,0,2.67572e+01,2.67572e+01,9.55614e-01,0.00000e+00
nan,nan,nan,nan,nan,nan,0,2.67954e+01,2.67954e+01,9.55614e-01,0.00000e+00
nan,nan,nan,nan,nan,nan,0,2.68336e+01,2.68336e+01,9.55614e-01,0.00000e+00
nan,nan,nan,nan,nan,nan,0,2.68719e+01,2.68719e+01,9.55614e-01,0.00000e+00
nan,nan,nan,nan,nan,nan,0,2.69101e+01,2.69101e+01,9.55614e-01,0.00000e+00
nan,nan,nan,nan,nan,nan,0,2.69483e+01,2.69483e+01,9.55614e-01,0.00000e+00
nan,nan,nan,nan,nan,nan,0,2.69865e+01,2.69865e+01,9.55614e-01,0.00000e+00
nan,nan,nan,nan,nan,nan,0,2.70248e+01,2.70248e+01,9.55614e-01,0.00000e+00
nan,nan,nan,nan,nan,nan,0,2.70630e+01,2.70630e+01,9.55614e-01,0.00000e+00
nan,nan,nan,nan,nan,nan,0,2.71012e+01,2.71012e+01,9.55614e-01,0.00000e+00
nan,nan,nan,nan,nan,nan,0,2.71394e+01,2.71394e+01,9.55614e-01,0.00000e+00
nan,nan,nan,nan,nan,nan,0,2.71777e+01,2.71777e+01,9.55614e-01,0.00000e+00
nan,nan,nan,nan,nan,nan,0,2.72159e+01,2.72159e+01,9.55614e-01,0.00000e+00
nan,nan,nan,nan,nan,nan,0,2.72541e+01,2.72541e+01,9.55614e-01,0.00000e+00
nan,nan,nan,nan,nan,nan,0,2.72923e+01,2.72923e+01,9.55614e-01,0.00000e+00
nan,nan,nan,nan,nan,nan,0,2.73306e+01,2.73306e+01,9.55614e-01,0.00000e+00
nan,nan,nan,nan,nan,nan,0,2.73688e+01,2.73688e+01,9.55614e-01,0.00000e+00
nan,nan,nan,nan,nan,nan,0,2.74070e+01,2.74070e+01,9.55614e-01,0.00000e+00
nan,nan,nan,nan,nan,nan,0,2.74452e+01,2.74452e+01,9.55614e-01,0.00000e+00
nan,nan,nan,nan,nan,nan,0,2.74835e+01,2.74835e+01,9.55614e-01,0.00000e+00
nan,nan,nan,nan,nan,nan,0,2.75217e+01,2.75217e+01,9.55614e-01,0.00000e+00
nan,nan,nan,nan,nan,nan,0,2.75599e+01,2.75599e+01,9.55614e-01,0.00000e+00
nan,nan,nan,nan,nan,nan,0,2.75981e+01,2.75981e+01,9.55614e-01,0.00000e+00
nan,nan,nan,nan,nan,nan,0,2.76364e+01,2.76364e+01,9.55614e-01,0.00000e+00
nan,nan,nan,nan,nan,nan,0,2.76746e+01,2.76746e+01,9.55614e-01,0.00000e+00
nan,nan,nan,nan,nan,nan,0,2.77128e+01,2.77128e+01,9.55614e-01,0.00000e+00
nan,nan,nan,nan,nan,nan,0,2.77510e+01,2.77510e+01,9.55614e-01,0.00000e+00
nan,nan,nan,nan,nan,nan,0,2.77893e+01,2.77893e+01,9.55614e-01,0.00000e+00
nan,nan,nan,nan,nan,nan,0,2.78275e+01,2.78275e+01,9.55614e-01,0.00000e+00
nan,nan,nan,nan,nan,nan,0,2.78657e+01,2.78657e+01,9.55614e-01,0.00000e+00
nan,nan,nan,nan,nan,nan,0,2.79039e+01,2.79039e+01,9.55614e-01,0.00000e+00
nan,nan,nan,nan,nan,nan,0,2.79422e+01,2.79422e+01,9.55614e-01,0.00000e+00
nan,nan,nan,nan,nan,nan,0,2.79804e+01,2.79804e+01,9.55614e-01,0.00000e+00
nan,nan,nan,nan,nan,nan,0,2.80186e+01,2.80186e+01,9.55614e-01,0.00000e+00
nan,nan,nan,nan,nan,nan,0,2.80568e+01,2.80568e+01,9.55614e-01,0.00000e+00
nan,nan,nan,nan,nan,nan,0,2.80951e+01,2.80951e+01,9.55614e-01,0.00000e+00
nan,nan,nan,nan,nan,nan,0,2.81333e+01,2.81333e+01,9.55614e-01,0.00000e+00
nan,nan,nan,nan,nan,nan,0,2.81715e+01,2.81715e+01,9.55614e-01,0.00000e+00
nan,nan,nan,nan,nan,nan,0,2.82097e+01,2.82097e+01,9.55614e-01,0.00000e+00
nan,nan,nan,nan,nan,nan,0,2.82479e+01,2.82479e+01,9.55614e-01,0.00000e+00
nan,nan,nan,nan,nan,nan,0,2.82862e+01,2.82862e+01,9.55614e-01,0.00000e+00
nan,nan,nan,nan,nan,nan,0,2.83244e+01,2.83244e+01,9.55614e-01,0.00000e+00
nan,nan,nan,nan,nan,nan,0,2.83626e+01,2.83626e+01,9.55614e-01,0.00000e+00
nan,nan,nan,nan,nan,nan,0,2.84008e+01,2.84008e+01,9.55614e-01,0.00000e+00
nan,nan,nan,nan,nan,nan,0,2.84391e+01,2.84391e+01,9.55614e-01,0.00000e+00
nan,nan,nan,nan,nan,nan,0,2.84773e+01,2.84773e+01,9.55614e-01,0.00000e+00
nan,nan,nan,nan,nan,nan,0,2.85155e+01,2.85155e+01,9.55614e-01,0.00000e+00
nan,nan,nan,nan,nan,nan,0,2.85537e+01,2.85537e+01,9.55614e-01,0.00000e+00
nan,nan,nan,nan,nan,nan,0,2.85920e+01,2.85920e+01,9.55614e-01,0.00000e+00
nan,nan,nan,nan,nan,nan,0,2.86302e+01,2.86302e+01,9.55614e-01,0.00000e+00
nan,nan,nan,nan,nan,nan,0,2.86684e+01,2.86684e+01,9.55614e-01,0.00000e+00
nan,nan,nan,nan,nan,nan,0,2.87066e+01,2.87066e+01,9.55614e-01,0.00000e+00
nan,nan,nan,nan,nan,nan,0,2.87449e+01,2.87449e+01,9.55614e-01,0.00000e+00
nan,nan,nan,nan,nan,nan,0,2.87831e+01,2.87831e+01,9.55614e-01,0.00000e+00
nan,nan,nan,nan,nan,nan,0,2.88213e+01,2.88213e+01,9.55614e-01,0.00000e+00
nan,nan,nan,nan,nan,nan,0,2.88595e+01,2.88595e+01,9.55614e-01,0.00000e+00
nan,nan,nan,nan,nan,nan,0,2.88978e+01,2.88978e+01,9.55614e-01,0.00000e+00
nan,nan,nan,nan,nan,nan,0,2.89360e+01,2.89360e+01,9.55614e-01,0.00000e+00
nan,nan,nan,nan,nan,nan,0,2.89742e+01,2.89742e+01,9.55614e-01,0.00000e+00
nan,nan,nan,nan,nan,nan,0,2.90124e+01,2.90124e+01,9.55614e-01,0.00000e+00
nan,nan,nan,nan,nan,nan,0,2.90507e+01,2.90507e+01,9.55614e-01,0.00000e+00
nan,nan,nan,nan,nan,nan,0,2.90889e+01,2.90889e+01,9.55614e-01,0.00000e+00
nan,nan,nan,nan,nan,nan,0,2.91271e+01,2.91271e+01,9.55614e-01,0.00000e+00
nan,nan,nan,nan,nan,nan,0,2.91653e+01,2.91653e+01,9.55614e-01,0.00000e+00
nan,nan,nan,nan,nan,nan,0,2.92036e+01,2.92036e+01,9.55614e-01,0.00000e+00
nan,nan,nan,nan,nan,nan,0,2.92418e+01,2.92418e+01,9.55614e-01,0.00000e+00
nan,nan,nan,nan,nan,nan,0,2.92800e+01,2.92800e+01,9.55614e-01,0.00000e+00
nan,nan,nan,nan,nan,nan,0,2.93182e+01,2.93182e+01,9.55614e-01,0.00000e+00
nan,nan,nan,nan,nan,nan,0,2.93565e+01,2.93565e+01,9.55614e-01,0.00000e+00
nan,nan,nan,nan,nan,nan,0,2.93947e+01,2.93947e+01,9.55614e-01,0.00000e+00
nan,nan,nan,nan,nan,nan,0,2.94329e+01,2.94329e+01,9.55614e-01,0.00000e+00
nan,nan,nan,nan,nan,nan,0,2.94711e+01,2.94711e+01,9.55614e-01,0.00000e+00
nan,nan,nan,nan,nan,nan,0,2.95094e+01,2.95094e+01,9.55614e-01,0.00000e+00
nan,nan,nan,nan,nan,nan,0,2.95476e+01,2.95476e+01,9.55614e-01,0.00000e+00
nan,nan,nan,nan,nan,nan,0,2.95858e+01,2.95858e+01,9.55614e-01,0.00000e+00
nan,nan,nan,nan,nan,nan,0,2.96240e+01,2.96240e+01,9.55614e-01,0.00000e+00
nan,nan,nan,nan,nan,nan,0,2.96623e+01,2.96623e+01,9.55614e-01,0.00000e+00
nan,nan,nan,nan,nan,nan,0,2.97005e+01,2.97005e+01,9.55614e-01,0.00000e+00
nan,nan,nan,nan,nan,nan,0,2.97387e+01,2.97387e+01,9.55614e-01,0.00000e+00
nan,nan,nan,nan,nan,nan,0,2.97769e+01,2.97769e+01,9.55614e-01,0.00000e+00
nan,nan,nan,nan,nan,nan,0,2.98152e+01,2.98152e+01,9.55614e-01,0.00000e+00
nan,nan,nan,nan,nan,nan,0,2.98534e+01,2.98534e+01,9.55614e-01,0.00000e+00
nan,nan,nan,nan,nan,nan,0,2.98916e+01,2.98916e+01,9.55614e-01,0.00000e+00
nan,nan,nan,nan,nan,nan,0,2.99298e+01,2.99298e+01,9.55614e-01,0.00000e+00
nan,nan,nan,nan,nan,nan,0,2.99681e+01,2.99681e+01,9.55614e-01,0.00000e+00
nan,nan,nan,nan,nan,nan,0,3.00063e+01,3.00063e+01,9.55614e-01,0.00000e+00
nan,nan,nan,nan,nan,nan,0,3.00445e+01,3.00445e+01,9.55614e-01,0.00000e+00
nan,nan,nan,nan,nan,nan,0,3.00827e+01,3.00827e+01,9.55614e-01,0.00000e+00
nan,nan,nan,nan,nan,nan,0,3.01210e+01,3.01210e+01,9.55614e-01,0.00000e+00
nan,nan,nan,nan,nan,nan,0,3.01592e+01,3.01592e+01,9.55614e-01,0.00000e+00
nan,nan,nan,nan,nan,nan,0,3.01974e+01,3.01974e+01,9.55614e-01,0.00000e+00
nan,nan,nan,nan,nan,nan,0,3.02356e+01,3.02356e+01,9.55614e-01,0.00000e+00
nan,nan,nan,nan,nan,nan,0,3.02739e+01,3.02739e+01,9.55614e-01,0.00000e+00
nan,nan,nan,nan,nan,nan,0,3.03121e+01,3.03121e+01,9.55614e-01,0.00000e+00
nan,nan,nan,nan,nan,nan,0,3.03503e+01,3.03503e+01,9.55614e-01,0.00000e+00
nan,nan,nan,nan,nan,nan,0,3.03885e+01,3.03885e+01,9.55614e-01,0.00000e+00
nan,nan,nan,nan,nan,nan,0,3.04268e+01,3.04268e+01,9.55614e-01,0.00000e+00
nan,nan,nan,nan,nan,nan,0,3.04650e+01,3.04650e+01,9.55614e-01,0.00000e+00
nan,nan,nan,nan,nan,nan,0,3.05032e+01,3.05032e+01,9.55614e-01,0.00000e+00
nan,nan,nan,nan,nan,nan,0,3.05414e+01,3.05414e+01,9.55614e-01,0.00000e+00
nan,nan,nan,nan,nan,nan,0,3.05796e+01,3.05796e+01,9.55614e-01,0.00000e+00
nan,nan,nan,nan,nan,nan,0,3.06179e+01,3.06179e+01,9.55614e-01,0.00000e+00
nan,nan,nan,nan,nan,nan,0,3.06561e+01,3.06561e+01,9.55614e-01,0.00000e+00
nan,nan,nan,nan,nan,nan,0,3.06943e+01,3.06943e+01,9.55614e-01,0.00000e+00
nan,nan,nan,nan,nan,nan,0,3.07325e+01,3.07325e+01,9.55614e-01,0.00000e+00
nan,nan,nan,nan,nan,nan,0,3.07708e+01,3.07708e+01,9.55614e-01,0.00000e+00
nan,nan,nan,nan,nan,nan,0,3.08090e+01,3.08090e+01,9.55614e-01,0.00000e+00
nan,nan,nan,nan,nan,nan,0,3.08472e+01,3.08472e+01,9.55614e-01,0.00000e+00
nan,nan,nan,nan,nan,nan,0,3.08854e+01,3.08854e+01,9.55614e-01,0.00000e+00
nan,nan,nan,nan,nan,nan,0,3.09237e+01,3.09237e+01,9.55614e-01,0.00000e+00
nan,nan,nan,nan,nan,nan,0,3.09619e+01,3.09619e+01,9.55614e-01,0.00000e+00
nan,nan,nan,nan,nan,nan,0,3.10001e+01,3.10001e+01,9.55614e-01,0.00000e+00
nan,nan,nan,nan,nan,nan,0,3.10383e+01,3.10383e+01,9.55614e-01,0.00000e+00
nan,nan,nan,nan,nan,nan,0,3.10766e+01,3.10766e+01,9.55614e-01,0.00000e+00
nan,nan,nan,nan,nan,nan,0,3.11148e+01,3.11148e+01,9.55614e-01,0.00000e+00
nan,nan,nan,nan,nan,nan,0,3.11530e+01,3.11530e+01,9.55614e-01,0.00000e+00
nan,nan,nan,nan,nan,nan,0,3.11912e+01,3.11912e+01,9.55614e-01,0.00000e+00
nan,nan,nan,nan,nan,nan,0,3.12295e+01,3.12295e+01,9.55614e-01,0.00000e+00
nan,nan,nan,nan,nan,nan,0,3.12677e+01,3.12677e+01,9.55614e-01,0.00000e+00
nan,nan,nan,nan,nan,nan,0,3.13059e+01,3.13059e+01,9.55614e-01,0.00000e+00
nan,nan,nan,nan,nan,nan,0,3.13441e+01,3.13441e+01,9.55614e-01,0.00000e+00
nan,nan,nan,nan,nan,nan,0,3.13824e+01,3.13824e+01,9.55614e-01,0.00000e+00
nan,nan,nan,nan,nan,nan,0,3.14206e+01,3.14206e+01,9.55614e-01,0.00000e+00
nan,nan,nan,nan,nan,nan,0,3.14588e+01,3.14588e+01,9.55614e-01,0.00000e+00
nan,nan,nan,nan,nan,nan,0,3.14970e+01,3.14970e+01,9.55614e-01,0.00000e+00
nan,nan,nan,nan,nan,nan,0,3.15353e+01,3.15353e+01,9.55614e-01,0.00000e+00
nan,nan,nan,nan,nan,nan,0,3.15735e+01,3.15735e+01,9.55614e-01,0.00000e+00
nan,nan,nan,nan,nan,nan,0,3.16117e+01,3.16117e+01,9.55614e-01,0.00000e+00
nan,nan,nan,nan,nan,nan,0,3.16499e+01,3.16499e+01,9.55614e-01,0.00000e+00
nan,nan,nan,nan,nan,nan,0,3.16882e+01,3.16882e+01,9.55614e-01,0.00000e+00
nan,nan,nan,nan,nan,nan,0,3.17264e+01,3.17264e+01,9.55614e-01,0.00000e+00
nan,nan,nan,nan,nan,nan,0,3.17646e+01,3.17646e+01,9.55614e-01,0.00000e+00
nan,nan,nan,nan,nan,nan,0,3.18028e+01,3.18028e+01,9.55614e-01,0.00000e+00
nan,nan,nan,nan,nan,nan,0,3.18411e+01,3.18411e+01,9.55614e-01,0.00000e+00
nan,nan,nan,nan,nan,nan,0,3.18793e+01,3.18793e+01,9.55614e-01,0.00000e+00
nan,nan,nan,nan,nan,nan,0,3.19175e+01,3.19175e+01,9.55614e-01,0.00000e+00
nan,nan,nan,nan,nan,nan,0,3.19557e+01,3.19557e+01,9.55614e-01,0.00000e+00
nan,nan,nan,nan,nan,nan,0,3.19940e+01,3.19940e+01,9.55614e-01,0.00000e+00
nan,nan,nan,nan,nan,nan,0,3.20322e+01,3.20322e+01,9.55614e-01,0.00000e+00
nan,nan,nan,nan,nan,nan,0,3.20704e+01,3.20704e+01,9.55614e-01,0.00000e+00
nan,nan,nan,nan,nan,nan,0,3.21086e+01,3.21086e+01,9.55614e-01,0.00000e+00
nan,nan,nan,nan,nan,nan,0,3.21469e+01,3.21469e+01,9.55614e-01,0.00000e+00
nan,nan,nan,nan,nan,nan,0,3.21851e+01,3.21851e+01,9.55614e-01,0.00000e+00
nan,nan,nan,nan,nan,nan,0,3.22233e+01,3.22233e+01,9.55614e-01,0.00000e+00
nan,nan,nan,nan,nan,nan,0,3.22615e+01,3.22615e+01,9.55614e-01,0.00000e+00
nan,nan,nan,nan,nan,nan,0,3.22998e+01,3.22998e+01,9.55614e-01,0.00000e+00
nan,nan,nan,nan,nan,nan,0,3.23380e+01,3.23380e+01,9.55614e-01,0.00000e+00
nan,nan,nan,nan,nan,nan,0,3.23762e+01,3.23762e+01,9.55614e-01,0.00000e+00
nan,nan,nan,nan,nan,nan,0,3.24144e+01,3.24144e+01,9.55614e-01,0.00000e+00
nan,nan,nan,nan,nan,nan,0,3.24527e+01,3.24527e+01,9.55614e-01,0.00000e+00
nan,nan,nan,nan,nan,nan,0,3.24909e+01,3.24909e+01,9.55614e-01,0.00000e+00
nan,nan,nan,nan,nan,nan,0,3.25291e+01,3.25291e+01,9.55614e-01,0.00000e+00
nan,nan,nan,nan,nan,nan,0,3.25673e+01,3.25673e+01,9.55614e-01,0.00000e+00
nan,nan,nan,nan,nan,nan,0,3.26055e+01,3.26055e+01,9.55614e-01,0.00000e+00
nan,nan,nan,nan,nan,nan,0,3.26438e+01,3.26438e+01,9.55614e-01,0.00000e+00
nan,nan,nan,nan,nan,nan,0,3.26820e+01,3.26820e+01,9.55614e-01,0.00000e+00
nan,nan,nan,nan,nan,nan,0,3.27202e+01,3.27202e+01,9.55614e-01,0.00000e+00
nan,nan,nan,nan,nan,nan,0,3.27584e+01,3.27584e+01,9.55614e-01,0.00000e+00
nan,nan,nan,nan,nan,nan,0,3.27967e+01,3.27967e+01,9.55614e-01,0.00000e+00
nan,nan,nan,nan,nan,nan,0,3.28349e+01,3.28349e+01,9.55614e-01,0.00000e+00
nan,nan,nan,nan,nan,nan,0,3.28731e+01,3.28731e+01,9.55614e-01,0.00000e+00
nan,nan,nan,nan,nan,nan,0,3.29113e+01,3.29113e+01,9.55614e-01,0.00000e+00
nan,nan,nan,nan,nan,nan,0,3.29496e+01,3.29496e+01,9.55614e-01,0.00000e+00
nan,nan,nan,nan,nan,nan,0,3.29878e+01,3.29878e+01,9.55614e-01,0.00000e+00
nan,nan,nan,nan,nan,nan,0,3.30260e+01,3.30260e+01,9.55614e-01,0.00000e+00
nan,nan,nan,nan,nan,nan,0,3.30642e+01,3.30642e+01,9.55614e-01,0.00000e+00
nan,nan,nan,nan,nan,nan,0,3.31025e+01,3.31025e+01,9.55614e-01,0.00000e+00
nan,nan,nan,nan,nan,nan,0,3.31407e+01,3.31407e+01,9.55614e-01,0.00000e+00
nan,nan,nan,nan,nan,nan,0,3.31789e+01,3.31789e+01,9.55614e-01,0.00000e+00
nan,nan,nan,nan,nan,nan,0,3.32171e+01,3.32171e+01,9.55614e-01,0.00000e+00
nan,nan,nan,nan,nan,nan,0,3.32554e+01,3.32554e+01,9.55614e-01,0.00000e+00
nan,nan,nan,nan,nan,nan,0,3.32936e+01,3.32936e+01,9.55614e-01,0.00000e+00
nan,nan,nan,nan,nan,nan,0,3.33318e+01,3.33318e+01,9.55614e-01,0.00000e+00
nan,nan,nan,nan,nan,nan,0,3.33700e+01,3.33700e+01,9.55614e-01,0.00000e+00
nan,nan,nan,nan,nan,nan,0,3.34083e+01,3.34083e+01,9.55614e-01,0.00000e+00
nan,nan,nan,nan,nan,nan,0,3.34465e+01,3.34465e+01,9.55614e-01,0.00000e+00
nan,nan,nan,nan,nan,nan,0,3.34847e+01,3.34847e+01,9.55614e-01,0.00000e+00
nan,nan,nan,nan,nan,nan,0,3.35229e+01,3.35229e+01,9.55614e-01,0.00000e+00
nan,nan,nan,nan,nan,nan,0,3.35612e+01,3.35612e+01,9.55614e-01,0.00000e+00
nan,nan,nan,nan,nan,nan,0,3.35994e+01,3.35994e+01,9.55614e-01,0.00000e+00
nan,nan,nan,nan,nan,nan,0,3.36376e+01,3.36376e+01,9.55614e-01,0.00000e+00
nan,nan,nan,nan,nan,nan,0,3.36758e+01,3.36758e+01,9.55614e-01,0.00000e+00
nan,nan,nan,nan,nan,nan,0,3.37141e+01,3.37141e+01,9.55614e-01,0.00000e+00
nan,nan,nan,nan,nan,nan,0,3.37523e+01,3.37523e+01,9.55614e-01,0.00000e+00
nan,nan,nan,nan,nan,nan,0,3.37905e+01,3.37905e+01,9.55614e-01,0.00000e+00
nan,nan,nan,nan,nan,nan,0,3.38287e+01,3.38287e+01,9.55614e-01,0.00000e+00
nan,nan,nan,nan,nan,nan,0,3.38670e+01,3.38670e+01,9.55614e-01,0.00000e+00
nan,nan,nan,nan,nan,nan,0,3.39052e+01,3.39052e+01,9.55614e-01,0.00000e+00
nan,nan,nan,nan,nan,nan,0,3.39434e+01,3.39434e+01,9.55614e-01,0.00000e+00
nan,nan,nan,nan,nan,nan,0,3.39816e+01,3.39816e+01,9.55614e-01,0.00000e+00
nan,nan,nan,nan,nan,nan,0,3.40199e+01,3.40199e+01,9.55614e-01,0.00000e+00
nan,nan,nan,nan,nan,nan,0,3.40581e+01,3.40581e+01,9.55614e-01,0.00000e+00
nan,nan,nan,nan,nan,nan,0,3.40963e+01,3.40963e+01,9.55614e-01,0.00000e+00
nan,nan,nan,nan,nan,nan,0,3.41345e+01,3.41345e+01,9.55614e-01,0.00000e+00
nan,nan,nan,nan,nan,nan,0,3.41728e+01,3.41728e+01,9.55614e-01,0.00000e+00
nan,nan,nan,nan,nan,nan,0,3.42110e+01,3.42110e+01,9.55614e-01,0.00000e+00
nan,nan,nan,nan,nan,nan,0,3.42492e+01,3.42492e+01,9.55614e-01,0.00000e+00
nan,nan,nan,nan,nan,nan,0,3.42874e+01,3.42874e+01,9.55614e-01,0.00000e+00
nan,nan,nan,nan,nan,nan,0,3.43257e+01,3.43257e+01,9.55614e-01,0.00000e+00
nan,nan,nan,nan,nan,nan,0,3.43639e+01,3.43639e+01,9.55614e-01,0.00000e+00
nan,nan,nan,nan,nan,nan,0,3.44021e+01,3.44021e+01,9.55614e-01,0.00000e+00
nan,nan,nan,nan,nan,nan,0,3.44403e+01,3.44403e+01,9.55614e-01,0.00000e+00
nan,nan,nan,nan,nan,nan,0,3.44786e+01,3.44786e+01,9.55614e-01,0.00000e+00
nan,nan,nan,nan,nan,nan,0,3.45168e+01,3.45168e+01,9.55614e-01,0.00000e+00
nan,nan,nan,nan,nan,nan,0,3.45550e+01,3.45550e+01,9.55614e-01,0.00000e+00
nan,nan,nan,nan,nan,nan,0,3.45932e+01,3.45932e+01,9.55614e-01,0.00000e+00
nan,nan,nan,nan,nan,nan,0,3.46315e+01,3.46315e+01,9.55614e-01,0.00000e+00
nan,nan,nan,nan,nan,nan,0,3.46697e+01,3.46697e+01,9.55614e-01,0.00000e+00
nan,nan,nan,nan,nan,nan,0,3.47079e+01,3.47079e+01,9.55614e-01,0.00000e+00
nan,nan,nan,nan,nan,nan,0,3.47461e+01,3.47461e+01,9.55614e-01,0.00000e+00
nan,nan,nan,nan,nan,nan,0,3.47843e+01,3.47843e+01,9.55614e-01,0.00000e+00
nan,nan,nan,nan,nan,nan,0,3.48226e+01,3.48226e+01,9.55614e-01,0.00000e+00
nan,nan,nan,nan,nan,nan,0,3.48608e+01,3.48608e+01,9.55614e-01,0.00000e+00
nan,nan,nan,nan,nan,nan,0,3.48990e+01,3.48990e+01,9.55614e-01,0.00000e+00
nan,nan,nan,nan,nan,nan,0,3.49372e+01,3.49372e+01,9.55614e-01,0.00000e+00
nan,nan,nan,nan,nan,nan,0,3.49755e+01,3.49755e+01,9.55614e-01,0.00000e+00
nan,nan,nan,nan,nan,nan,0,3.50137e+01,3.50137e+01,9.55614e-01,0.00000e+00
nan,nan,nan,nan,nan,nan,0,3.50519e+01,3.50519e+01,9.55614e-01,0.00000e+00
nan,nan,nan,nan,nan,nan,0,3.50901e+01,3.50901e+01,9.55614e-01,0.00000e+00
nan,nan,nan,nan,nan,nan,0,3.51284e+01,3.51284e+01,9.55614e-01,0.00000e+00
nan,nan,nan,nan,nan,nan,0,3.51666e+01,3.51666e+01,9.55614e-01,0.00000e+00
nan,nan,nan,nan,nan,nan,0,3.52048e+01,3.52048e+01,9.55614e-01,0.00000e+00
nan,nan,nan,nan,nan,nan,0,3.52430e+01,3.52430e+01,9.55614e-01,0.00000e+00
nan,nan,nan,nan,nan,nan,0,3.52813e+01,3.52813e+01,9.55614e-01,0.00000e+00
nan,nan,nan,nan,nan,nan,0,3.53195e+01,3.53195e+01,9.55614e-01,0.00000e+00
nan,nan,nan,nan,nan,nan,0,3.53577e+01,3.53577e+01,9.55614e-01,0.00000e+00
nan,nan,nan,nan,nan,nan,0,3.53959e+01,3.53959e+01,9.55614e-01,0.00000e+00
nan,nan,nan,nan,nan,nan,0,3.54342e+01,3.54342e+01,9.55614e-01,0.00000e+00
nan,nan,nan,nan,nan,nan,0,3.54724e+01,3.54724e+01,9.55614e-01,0.00000e+00
nan,nan,nan,nan,nan,nan,0,3.55106e+01,3.55106e+01,9.55614e-01,0.00000e+00
nan,nan,nan,nan,nan,nan,0,3.55488e+01,3.55488e+01,9.55614e-01,0.00000e+00
nan,nan,nan,nan,nan,nan,0,3.55871e+01,3.55871e+01,9.55614e-01,0.00000e+00
nan,nan,nan,nan,nan,nan,0,3.56253e+01,3.56253e+01,9.55614e-01,0.00000e+00
nan,nan,nan,nan,nan,nan,0,3.56635e+01,3.56635e+01,9.55614e-01,0.00000e+00
nan,nan,nan,nan,nan,nan,0,3.57017e+01,3.57017e+01,9.55614e-01,0.00000e+00
nan,nan,nan,nan,nan,nan,0,3.57400e+01,3.57400e+01,9.55614e-01,0.00000e+00
nan,nan,nan,nan,nan,nan,0,3.57782e+01,3.57782e+01,9.55614e-01,0.00000e+00
nan,nan,nan,nan,nan,nan,0,3.58164e+01,3.58164e+01,9.55614e-01,0.00000e+00
nan,nan,nan,nan,nan,nan,0,3.58546e+01,3.58546e+01,9.55614e-01,0.00000e+00
nan,nan,nan,nan,nan,nan,0,3.58929e+01,3.58929e+01,9.55614e-01,0.00000e+00
nan,nan,nan,nan,nan,nan,0,3.59311e+01,3.59311e+01,9.55614e-01,0.00000e+00
nan,nan,nan,nan,nan,nan,0,3.59693e+01,3.59693e+01,9.55614e-01,0.00000e+00
nan,nan,nan,nan,nan,nan,0,3.60075e+01,3.60075e+01,9.55614e-01,0.00000e+00
nan,nan,nan,nan,nan,nan,0,3.60458e+01,3.60458e+01,9.55614e-01,0.00000e+00
nan,nan,nan,nan,nan,nan,0,3.60840e+01,3.60840e+01,9.55614e-01,0.00000e+00
nan,nan,nan,nan,nan,nan,0,3.61222e+01,3.61222e+01,9.55614e-01,0.00000e+00
nan,nan,nan,nan,nan,nan,0,3.61604e+01,3.61604e+01,9.55614e-01,0.00000e+00
nan,nan,nan,nan,nan,nan,0,3.61987e+01,3.61987e+01,9.55614e-01,0.00000e+00
nan,nan,nan,nan,nan,nan,0,3.62369e+01,3.62369e+01,9.55614e-01,0.00000e+00
nan,nan,nan,nan,nan,nan,0,3.62751e+01,3.62751e+01,9.55614e-01,0.00000e+00
nan,nan,nan,nan,nan,nan,0,3.63133e+01,3.63133e+01,9.55614e-01,0.00000e+00
nan,nan,nan,nan,nan,nan,0,3.63516e+01,3.63516e+01,9.55614e-01,0.00000e+00
nan,nan,nan,nan,nan,nan,0,3.63898e+01,3.63898e+01,9.55614e-01,0.00000e+00
nan,nan,nan,nan,nan,nan,0,3.64280e+01,3.64280e+01,9.55614e-01,0.00000e+00
nan,nan,nan,nan,nan,nan,0,3.64662e+01,3.64662e+01,9.55614e-01,0.00000e+00
nan,nan,nan,nan,nan,nan,0,3.65045e+01,3.65045e+01,9.55614e-01,0.00000e+00
nan,nan,nan,nan,nan,nan,0,3.65427e+01,3.65427e+01,9.55614e-01,0.00000e+00
nan,nan,nan,nan,nan,nan,0,3.65809e+01,3.65809e+01,9.55614e-01,0.00000e+00
nan,nan,nan,nan,nan,nan,0,3.66191e+01,3.66191e+01,9.55614e-01,0.00000e+00
nan,nan,nan,nan,nan,nan,0,3.66574e+01,3.66574e+01,9.55614e-01,0.00000e+00
nan,nan,nan,nan,nan,nan,0,3.66956e+01,3.66956e+01,9.55614e-01,0.00000e+00
nan,nan,nan,nan,nan,nan,0,3.67338e+01,3.67338e+01,9.55614e-01,0.00000e+00
nan,nan,nan,nan,nan,nan,0,3.67720e+01,3.67720e+01,9.55614e-01,0.00000e+00
nan,nan,nan,nan,nan,nan,0,3.68102e+01,3.68102e+01,9.55614e-01,0.00000e+00
nan,nan,nan,nan,nan,nan,0,3.68485e+01,3.68485e+01,9.55614e-01,0.00000e+00
nan,nan,nan,nan,nan,nan,0,3.68867e+01,3.68867e+01,9.55614e-01,0.00000e+00
nan,nan,nan,nan,nan,nan,0,3.69249e+01,3.69249e+01,9.55614e-01,0.00000e+00
nan,nan,nan,nan,nan,nan,0,3.69632e+01,3.69632e+01,9.55614e-01,0.00000e+00
nan,nan,nan,nan,nan,nan,0,3.70014e+01,3.70014e+01,9.55614e-01,0.00000e+00
nan,nan,nan,nan,nan,nan,0,3.70396e+01,3.70396e+01,9.55614e-01,0.00000e+00
nan,nan,nan,nan,nan,nan,0,3.70778e+01,3.70778e+01,9.55614e-01,0.00000e+00
nan,nan,nan,nan,nan,nan,0,3.71160e+01,3.71160e+01,9.55614e-01,0.00000e+00
nan,nan,nan,nan,nan,nan,0,3.71543e+01,3.71543e+01,9.55614e-01,0.00000e+00
nan,nan,nan,nan,nan,nan,0,3.71925e+01,3.71925e+01,9.55614e-01,0.00000e+00
nan,nan,nan,nan,nan,nan,0,3.72307e+01,3.72307e+01,9.55614e-01,0.00000e+00
nan,nan,nan,nan,nan,nan,0,3.72689e+01,3.72689e+01,9.55614e-01,0.00000e+00
nan,nan,nan,nan,nan,nan,0,3.73072e+01,3.73072e+01,9.55614e-01,0.00000e+00
nan,nan,nan,nan,nan,nan,0,3.73454e+01,3.73454e+01,9.55614e-01,0.00000e+00
nan,nan,nan,nan,nan,nan,0,3.73836e+01,3.73836e+01,9.55614e-01,0.00000e+00
nan,nan,nan,nan,nan,nan,0,3.74218e+01,3.74218e+01,9.55614e-01,0.00000e+00
nan,nan,nan,nan,nan,nan,0,3.74601e+01,3.74601e+01,9.55614e-01,0.00000e+00
nan,nan,nan,nan,nan,nan,0,3.74983e+01,3.74983e+01,9.55614e-01,0.00000e+00
nan,nan,nan,nan,nan,nan,0,3.75365e+01,3.75365e+01,9.55614e-01,0.00000e+00
nan,nan,nan,nan,nan,nan,0,3.75747e+01,3.75747e+01,9.55614e-01,0.00000e+00
nan,nan,nan,nan,nan,nan,0,3.76130e+01,3.76130e+01,9.55614e-01,0.00000e+00
nan,nan,nan,nan,nan,nan,0,3.76512e+01,3.76512e+01,9.55614e-01,0.00000e+00
nan,nan,nan,nan,nan,nan,0,3.76894e+01,3.76894e+01,9.55614e-01,0.00000e+00
nan,nan,nan,nan,nan,nan,0,3.77276e+01,3.77276e+01,9.55614e-01,0.00000e+00
nan,nan,nan,nan,nan,nan,0,3.77659e+01,3.77659e+01,9.55614e-01,0.00000e+00
nan,nan,nan,nan,nan,nan,0,3.78041e+01,3.78041e+01,9.55614e-01,0.00000e+00
nan,nan,nan,nan,nan,nan,0,3.78423e+01,3.78423e+01,9.55614e-01,0.00000e+00
nan,nan,nan,nan,nan,nan,0,3.78805e+01,3.78805e+01,9.55614e-01,0.00000e+00
nan,nan,nan,nan,nan,nan,0,3.79188e+01,3.79188e+01,9.55614e-01,0.00000e+00
nan,nan,nan,nan,nan,nan,0,3.79570e+01,3.79570e+01,9.55614e-01,0.00000e+00
nan,nan,nan,nan,nan,nan,0,3.79952e+01,3.79952e+01,9.55614e-01,0.00000e+00
nan,nan,nan,nan,nan,nan,0,3.80334e+01,3.80334e+01,9.55614e-01,0.00000e+00
nan,nan,nan,nan,nan,nan,0,3.80717e+01,3.80717e+01,9.55614e-01,0.00000e+00
nan,nan,nan,nan,nan,nan,0,3.81099e+01,3.81099e+01,9.55614e-01,0.00000e+00
nan,nan,nan,nan,nan,nan,0,3.81481e+01,3.81481e+01,9.55614e-01,0.00000e+00
nan,nan,nan,nan,nan,nan,0,3.81863e+01,3.81863e+01,9.55614e-01,0.00000e+00
nan,nan,nan,nan,nan,nan,0,3.82246e+01,3.82246e+01,9.55614e-01,0.00000e+00
