"alpha","alpha_0","mu","vtkValidPointMask","arc_length","Points:0","Points:1","Points:2"
-0.97469,-0.97374,0.0153,1,0,0,0.5,0
-0.97466,-0.97372,0.015298,1,0.001,0.001,0.5,0
-0.97463,-0.97369,0.015295,1,0.002,0.002,0.5,0
-0.97461,-0.97366,0.015293,1,0.003,0.003,0.5,0
-0.97458,-0.97364,0.015291,1,0.004,0.004,0.5,0
-0.97456,-0.97361,0.015289,1,0.005,0.005,0.5,0
-0.97453,-0.97358,0.015286,1,0.006,0.006,0.5,0
-0.9745,-0.97356,0.015284,1,0.007,0.007,0.5,0
-0.97448,-0.97353,0.015282,1,0.008,0.008,0.5,0
-0.97445,-0.97351,0.01528,1,0.009,0.009,0.5,0
-0.97442,-0.97348,0.015278,1,0.01,0.01,0.5,0
-0.97434,-0.9734,0.015271,1,0.011,0.011,0.5,0
-0.97426,-0.97332,0.015264,1,0.012,0.012,0.5,0
-0.97418,-0.97324,0.015257,1,0.013,0.013,0.5,0
-0.9741,-0.97316,0.015251,1,0.014,0.014,0.5,0
-0.97402,-0.97308,0.015244,1,0.015,0.015,0.5,0
-0.97394,-0.973,0.015237,1,0.016,0.016,0.5,0
-0.97386,-0.97291,0.01523,1,0.017,0.017,0.5,0
-0.97378,-0.97283,0.015224,1,0.018,0.018,0.5,0
-0.9737,-0.97275,0.015217,1,0.019,0.019,0.5,0
-0.97362,-0.97267,0.01521,1,0.02,0.02,0.5,0
-0.97348,-0.97253,0.015199,1,0.021,0.021,0.5,0
-0.97334,-0.97239,0.015188,1,0.022,0.022,0.5,0
-0.9732,-0.97225,0.015177,1,0.023,0.023,0.5,0
-0.97306,-0.97212,0.015165,1,0.024,0.024,0.5,0
-0.97292,-0.97198,0.015154,1,0.025,0.025,0.5,0
-0.97278,-0.97184,0.015143,1,0.026,0.026,0.5,0
-0.97264,-0.9717,0.015132,1,0.027,0.027,0.5,0
-0.9725,-0.97156,0.015121,1,0.028,0.028,0.5,0
-0.97236,-0.97142,0.015109,1,0.029,0.029,0.5,0
-0.97222,-0.97128,0.015098,1,0.03,0.03,0.5,0
-0.97201,-0.97107,0.015082,1,0.031,0.031,0.5,0
-0.97181,-0.97087,0.015067,1,0.032,0.032,0.5,0
-0.9716,-0.97066,0.015051,1,0.033,0.033,0.5,0
-0.97139,-0.97045,0.015035,1,0.034,0.034,0.5,0
-0.97119,-0.97025,0.01502,1,0.035,0.035,0.5,0
-0.97098,-0.97004,0.015004,1,0.036,0.036,0.5,0
-0.97077,-0.96983,0.014988,1,0.037,0.037,0.5,0
-0.97057,-0.96963,0.014972,1,0.038,0.038,0.5,0
-0.97036,-0.96942,0.014957,1,0.039,0.039,0.5,0
-0.97015,-0.96921,0.014941,1,0.04,0.04,0.5,0
-0.96987,-0.96893,0.014921,1,0.041,0.041,0.5,0
-0.96958,-0.96864,0.0149,1,0.042,0.042,0.5,0
-0.9693,-0.96836,0.01488,1,0.043,0.043,0.5,0
-0.96901,-0.96807,0.01486,1,0.044,0.044,0.5,0
-0.96873,-0.96779,0.01484,1,0.045,0.045,0.5,0
-0.96844,-0.9675,0.014819,1,0.046,0.046,0.5,0
-0.96816,-0.96722,0.014799,1,0.047,0.047,0.5,0
-0.96787,-0.96693,0.014779,1,0.048,0.048,0.5,0
-0.96759,-0.96665,0.014758,1,0.049,0.049,0.5,0
-0.9673,-0.96636,0.014738,1,0.05,0.05,0.5,0
-0.96692,-0.96598,0.014713,1,0.051,0.051,0.5,0
-0.96654,-0.9656,0.014688,1,0.052,0.052,0.5,0
-0.96616,-0.96522,0.014664,1,0.053,0.053,0.5,0
-0.96578,-0.96484,0.014639,1,0.054,0.054,0.5,0
-0.9654,-0.96446,0.014614,1,0.055,0.055,0.5,0
-0.96502,-0.96408,0.014589,1,0.056,0.056,0.5,0
-0.96464,-0.9637,0.014564,1,0.057,0.057,0.5,0
-0.96426,-0.96332,0.014539,1,0.058,0.058,0.5,0
-0.96388,-0.96294,0.014514,1,0.059,0.059,0.5,0
-0.9635,-0.96256,0.01449,1,0.06,0.06,0.5,0
-0.963,-0.96207,0.01446,1,0.061,0.061,0.5,0
-0.96251,-0.96157,0.014431,1,0.062,0.062,0.5,0
-0.96201,-0.96107,0.014401,1,0.063,0.063,0.5,0
-0.96152,-0.96058,0.014372,1,0.064,0.064,0.5,0
-0.96102,-0.96008,0.014342,1,0.065,0.065,0.5,0
-0.96052,-0.95959,0.014313,1,0.066,0.066,0.5,0
-0.96003,-0.95909,0.014283,1,0.067,0.067,0.5,0
-0.95953,-0.95859,0.014254,1,0.068,0.068,0.5,0
-0.95903,-0.9581,0.014224,1,0.069,0.069,0.5,0
-0.95854,-0.9576,0.014194,1,0.07,0.07,0.5,0
-0.9579,-0.95696,0.01416,1,0.071,0.071,0.5,0
-0.95726,-0.95632,0.014126,1,0.072,0.072,0.5,0
-0.95662,-0.95568,0.014092,1,0.073,0.073,0.5,0
-0.95598,-0.95504,0.014058,1,0.074,0.074,0.5,0
-0.95534,-0.9544,0.014023,1,0.075,0.075,0.5,0
-0.9547,-0.95376,0.013989,1,0.076,0.076,0.5,0
-0.95406,-0.95312,0.013955,1,0.077,0.077,0.5,0
-0.95342,-0.95248,0.013921,1,0.078,0.078,0.5,0
-0.95278,-0.95184,0.013887,1,0.079,0.079,0.5,0
-0.95214,-0.9512,0.013852,1,0.08,0.08,0.5,0
-0.95132,-0.95039,0.013813,1,0.081,0.081,0.5,0
-0.9505,-0.94957,0.013774,1,0.082,0.082,0.5,0
-0.94969,-0.94875,0.013735,1,0.083,0.083,0.5,0
-0.94887,-0.94793,0.013696,1,0.084,0.084,0.5,0
-0.94805,-0.94712,0.013657,1,0.085,0.085,0.5,0
-0.94723,-0.9463,0.013618,1,0.086,0.086,0.5,0
-0.94641,-0.94548,0.013579,1,0.087,0.087,0.5,0
-0.94559,-0.94466,0.01354,1,0.088,0.088,0.5,0
-0.94478,-0.94384,0.013501,1,0.089,0.089,0.5,0
-0.94396,-0.94303,0.013462,1,0.09,0.09,0.5,0
-0.94292,-0.94199,0.013419,1,0.091,0.091,0.5,0
-0.94188,-0.94095,0.013375,1,0.092,0.092,0.5,0
-0.94084,-0.93991,0.013331,1,0.093,0.093,0.5,0
-0.9398,-0.93887,0.013287,1,0.094,0.094,0.5,0
-0.93876,-0.93783,0.013243,1,0.095,0.095,0.5,0
-0.93772,-0.93679,0.013199,1,0.096,0.096,0.5,0
-0.93668,-0.93575,0.013155,1,0.097,0.097,0.5,0
-0.93564,-0.93471,0.013111,1,0.098,0.098,0.5,0
-0.9346,-0.93367,0.013067,1,0.099,0.099,0.5,0
-0.93356,-0.93263,0.013023,1,0.1,0.1,0.5,0
-0.93225,-0.93132,0.012975,1,0.101,0.101,0.5,0
-0.93093,-0.93,0.012926,1,0.102,0.102,0.5,0
-0.92962,-0.92869,0.012877,1,0.103,0.103,0.5,0
-0.9283,-0.92737,0.012828,1,0.104,0.104,0.5,0
-0.92699,-0.92606,0.012779,1,0.105,0.105,0.5,0
-0.92568,-0.92474,0.01273,1,0.106,0.106,0.5,0
-0.92436,-0.92343,0.012681,1,0.107,0.107,0.5,0
-0.92305,-0.92212,0.012632,1,0.108,0.108,0.5,0
-0.92173,-0.9208,0.012583,1,0.109,0.109,0.5,0
-0.92042,-0.91949,0.012534,1,0.11,0.11,0.5,0
-0.91876,-0.91783,0.01248,1,0.111,0.111,0.5,0
-0.91711,-0.91618,0.012426,1,0.112,0.112,0.5,0
-0.91545,-0.91452,0.012372,1,0.113,0.113,0.5,0
-0.9138,-0.91287,0.012318,1,0.114,0.114,0.5,0
-0.91215,-0.91122,0.012264,1,0.115,0.115,0.5,0
-0.91049,-0.90956,0.01221,1,0.116,0.116,0.5,0
-0.90884,-0.90791,0.012156,1,0.117,0.117,0.5,0
-0.90718,-0.90625,0.012102,1,0.118,0.118,0.5,0
-0.90553,-0.9046,0.012048,1,0.119,0.119,0.5,0
-0.90387,-0.90294,0.011994,1,0.12,0.12,0.5,0
-0.9018,-0.90087,0.011935,1,0.121,0.121,0.5,0
-0.89973,-0.8988,0.011875,1,0.122,0.122,0.5,0
-0.89766,-0.89673,0.011816,1,0.123,0.123,0.5,0
-0.89559,-0.89466,0.011757,1,0.124,0.124,0.5,0
-0.89352,-0.89259,0.011697,1,0.125,0.125,0.5,0
-0.89144,-0.89052,0.011638,1,0.126,0.126,0.5,0
-0.88937,-0.88845,0.011579,1,0.127,0.127,0.5,0
-0.8873,-0.88637,0.011519,1,0.128,0.128,0.5,0
-0.88523,-0.8843,0.01146,1,0.129,0.129,0.5,0
-0.88316,-0.88223,0.011401,1,0.13,0.13,0.5,0
-0.88058,-0.87965,0.011336,1,0.131,0.131,0.5,0
-0.878,-0.87707,0.011271,1,0.132,0.132,0.5,0
-0.87542,-0.87449,0.011206,1,0.133,0.133,0.5,0
-0.87284,-0.87191,0.011141,1,0.134,0.134,0.5,0
-0.87026,-0.86933,0.011076,1,0.135,0.135,0.5,0
-0.86768,-0.86676,0.011012,1,0.136,0.136,0.5,0
-0.8651,-0.86418,0.010947,1,0.137,0.137,0.5,0
-0.86252,-0.8616,0.010882,1,0.138,0.138,0.5,0
-0.85994,-0.85902,0.010817,1,0.139,0.139,0.5,0
-0.85736,-0.85644,0.010752,1,0.14,0.14,0.5,0
-0.85417,-0.85325,0.010682,1,0.141,0.141,0.5,0
-0.85098,-0.85006,0.010611,1,0.142,0.142,0.5,0
-0.84779,-0.84687,0.010541,1,0.143,0.143,0.5,0
-0.8446,-0.84368,0.010471,1,0.144,0.144,0.5,0
-0.8414,-0.84049,0.0104,1,0.145,0.145,0.5,0
-0.83821,-0.8373,0.01033,1,0.146,0.146,0.5,0
-0.83502,-0.83411,0.010259,1,0.147,0.147,0.5,0
-0.83183,-0.83092,0.010189,1,0.148,0.148,0.5,0
-0.82864,-0.82773,0.010118,1,0.149,0.149,0.5,0
-0.82545,-0.82454,0.010048,1,0.15,0.15,0.5,0
-0.82153,-0.82062,0.0099716,1,0.151,0.151,0.5,0
-0.81762,-0.81671,0.0098953,1,0.152,0.152,0.5,0
-0.8137,-0.8128,0.0098191,1,0.153,0.153,0.5,0
-0.80979,-0.80888,0.0097428,1,0.154,0.154,0.5,0
-0.80587,-0.80497,0.0096666,1,0.155,0.155,0.5,0
-0.80196,-0.80105,0.0095903,1,0.156,0.156,0.5,0
-0.79804,-0.79714,0.0095141,1,0.157,0.157,0.5,0
-0.79412,-0.79322,0.0094378,1,0.158,0.158,0.5,0
-0.79021,-0.78931,0.0093616,1,0.159,0.159,0.5,0
-0.78629,-0.7854,0.0092853,1,0.16,0.16,0.5,0
-0.78153,-0.78064,0.0092031,1,0.161,0.161,0.5,0
-0.77678,-0.77589,0.0091209,1,0.162,0.162,0.5,0
-0.77202,-0.77113,0.0090388,1,0.163,0.163,0.5,0
-0.76726,-0.76637,0.0089566,1,0.164,0.164,0.5,0
-0.7625,-0.76162,0.0088744,1,0.165,0.165,0.5,0
-0.75774,-0.75686,0.0087922,1,0.166,0.166,0.5,0
-0.75299,-0.75211,0.00871,1,0.167,0.167,0.5,0
-0.74823,-0.74735,0.0086279,1,0.168,0.168,0.5,0
-0.74347,-0.7426,0.0085457,1,0.169,0.169,0.5,0
-0.73871,-0.73784,0.0084635,1,0.17,0.17,0.5,0
-0.733,-0.73213,0.0083753,1,0.171,0.171,0.5,0
-0.72728,-0.72642,0.0082872,1,0.172,0.172,0.5,0
-0.72157,-0.72071,0.008199,1,0.173,0.173,0.5,0
-0.71586,-0.715,0.0081108,1,0.174,0.174,0.5,0
-0.71014,-0.70929,0.0080226,1,0.175,0.175,0.5,0
-0.70443,-0.70358,0.0079345,1,0.176,0.176,0.5,0
-0.69872,-0.69787,0.0078463,1,0.177,0.177,0.5,0
-0.693,-0.69216,0.0077581,1,0.178,0.178,0.5,0
-0.68729,-0.68645,0.00767,1,0.179,0.179,0.5,0
-0.68157,-0.68074,0.0075818,1,0.18,0.18,0.5,0
-0.67481,-0.67398,0.0074877,1,0.181,0.181,0.5,0
-0.66804,-0.66722,0.0073935,1,0.182,0.182,0.5,0
-0.66128,-0.66046,0.0072994,1,0.183,0.183,0.5,0
-0.65451,-0.6537,0.0072053,1,0.184,0.184,0.5,0
-0.64775,-0.64694,0.0071112,1,0.185,0.185,0.5,0
-0.64098,-0.64019,0.007017,1,0.186,0.186,0.5,0
-0.63422,-0.63343,0.0069229,1,0.187,0.187,0.5,0
-0.62745,-0.62667,0.0068288,1,0.188,0.188,0.5,0
-0.62069,-0.61991,0.0067347,1,0.189,0.189,0.5,0
-0.61392,-0.61315,0.0066405,1,0.19,0.19,0.5,0
-0.60605,-0.60528,0.0065406,1,0.191,0.191,0.5,0
-0.59817,-0.59741,0.0064407,1,0.192,0.192,0.5,0
-0.59029,-0.58954,0.0063408,1,0.193,0.193,0.5,0
-0.58242,-0.58167,0.0062409,1,0.194,0.194,0.5,0
-0.57454,-0.5738,0.0061411,1,0.195,0.195,0.5,0
-0.56666,-0.56593,0.0060412,1,0.196,0.196,0.5,0
-0.55879,-0.55806,0.0059413,1,0.197,0.197,0.5,0
-0.55091,-0.55019,0.0058414,1,0.198,0.198,0.5,0
-0.54303,-0.54233,0.0057415,1,0.199,0.199,0.5,0
-0.53516,-0.53446,0.0056416,1,0.2,0.2,0.5,0
-0.52616,-0.52547,0.0055363,1,0.201,0.201,0.5,0
-0.51717,-0.51649,0.005431,1,0.202,0.202,0.5,0
-0.50817,-0.5075,0.0053257,1,0.203,0.203,0.5,0
-0.49918,-0.49852,0.0052204,1,0.204,0.204,0.5,0
-0.49019,-0.48954,0.0051152,1,0.205,0.205,0.5,0
-0.48119,-0.48055,0.0050099,1,0.206,0.206,0.5,0
-0.4722,-0.47157,0.0049046,1,0.207,0.207,0.5,0
-0.46321,-0.46259,0.0047993,1,0.208,0.208,0.5,0
-0.45421,-0.4536,0.004694,1,0.209,0.209,0.5,0
-0.44522,-0.44462,0.0045887,1,0.21,0.21,0.5,0
-0.43518,-0.43459,0.0044787,1,0.211,0.211,0.5,0
-0.42513,-0.42456,0.0043686,1,0.212,0.212,0.5,0
-0.41509,-0.41453,0.0042586,1,0.213,0.213,0.5,0
-0.40505,-0.4045,0.0041485,1,0.214,0.214,0.5,0
-0.395,-0.39446,0.0040384,1,0.215,0.215,0.5,0
-0.38496,-0.38443,0.0039284,1,0.216,0.216,0.5,0
-0.37492,-0.3744,0.0038183,1,0.217,0.217,0.5,0
-0.36487,-0.36437,0.0037083,1,0.218,0.218,0.5,0
-0.35483,-0.35434,0.0035982,1,0.219,0.219,0.5,0
-0.34479,-0.34431,0.0034882,1,0.22,0.22,0.5,0
-0.33385,-0.33339,0.0033742,1,0.221,0.221,0.5,0
-0.32291,-0.32246,0.0032603,1,0.222,0.222,0.5,0
-0.31197,-0.31154,0.0031463,1,0.223,0.223,0.5,0
-0.30103,-0.30061,0.0030324,1,0.224,0.224,0.5,0
-0.2901,-0.28969,0.0029184,1,0.225,0.225,0.5,0
-0.27916,-0.27877,0.0028045,1,0.226,0.226,0.5,0
-0.26822,-0.26784,0.0026905,1,0.227,0.227,0.5,0
-0.25728,-0.25692,0.0025766,1,0.228,0.228,0.5,0
-0.24634,-0.24599,0.0024626,1,0.229,0.229,0.5,0
-0.2354,-0.23507,0.0023487,1,0.23,0.23,0.5,0
-0.22381,-0.22349,0.002232,1,0.231,0.231,0.5,0
-0.21221,-0.21191,0.0021152,1,0.232,0.232,0.5,0
-0.20061,-0.20033,0.0019985,1,0.233,0.233,0.5,0
-0.18902,-0.18875,0.0018818,1,0.234,0.234,0.5,0
-0.17742,-0.17717,0.0017651,1,0.235,0.235,0.5,0
-0.16583,-0.16559,0.0016484,1,0.236,0.236,0.5,0
-0.15423,-0.15401,0.0015317,1,0.237,0.237,0.5,0
-0.14263,-0.14243,0.001415,1,0.238,0.238,0.5,0
-0.13104,-0.13085,0.0012982,1,0.239,0.239,0.5,0
-0.11944,-0.11927,0.0011815,1,0.24,0.24,0.5,0
-0.1075,-0.10734,0.0010634,1,0.241,0.241,0.5,0
-0.095554,-0.095417,0.00094522,1,0.242,0.242,0.5,0
-0.08361,-0.08349,0.00082706,1,0.243,0.243,0.5,0
-0.071665,-0.071563,0.00070891,1,0.244,0.244,0.5,0
-0.059721,-0.059636,0.00059076,1,0.245,0.245,0.5,0
-0.047777,-0.047709,0.00047261,1,0.246,0.246,0.5,0
-0.035833,-0.035782,0.00035446,1,0.247,0.247,0.5,0
-0.023889,-0.023854,0.0002363,1,0.248,0.248,0.5,0
-0.011944,-0.011927,0.00011815,1,0.249,0.249,0.5,0
0,0,-1.6298e-09,1,0.25,0.25,0.5,0
0.011944,0.011927,-0.00011815,1,0.251,0.251,0.5,0
0.023889,0.023854,-0.00023631,1,0.252,0.252,0.5,0
0.035833,0.035781,-0.00035446,1,0.253,0.253,0.5,0
0.047777,0.047709,-0.00047261,1,0.254,0.254,0.5,0
0.059721,0.059636,-0.00059076,1,0.255,0.255,0.5,0
0.071666,0.071563,-0.00070892,1,0.256,0.256,0.5,0
0.08361,0.08349,-0.00082707,1,0.257,0.257,0.5,0
0.095554,0.095417,-0.00094522,1,0.258,0.258,0.5,0
0.1075,0.10734,-0.0010634,1,0.259,0.259,0.5,0
0.11944,0.11927,-0.0011815,1,0.26,0.26,0.5,0
0.13104,0.13085,-0.0012982,1,0.261,0.261,0.5,0
0.14263,0.14243,-0.001415,1,0.262,0.262,0.5,0
0.15423,0.15401,-0.0015317,1,0.263,0.263,0.5,0
0.16583,0.16559,-0.0016484,1,0.264,0.264,0.5,0
0.17742,0.17717,-0.0017651,1,0.265,0.265,0.5,0
0.18902,0.18875,-0.0018818,1,0.266,0.266,0.5,0
0.20061,0.20033,-0.0019985,1,0.267,0.267,0.5,0
0.21221,0.21191,-0.0021152,1,0.268,0.268,0.5,0
0.22381,0.22349,-0.002232,1,0.269,0.269,0.5,0
0.2354,0.23507,-0.0023487,1,0.27,0.27,0.5,0
0.24634,0.24599,-0.0024626,1,0.271,0.271,0.5,0
0.25728,0.25692,-0.0025766,1,0.272,0.272,0.5,0
0.26822,0.26784,-0.0026905,1,0.273,0.273,0.5,0
0.27916,0.27877,-0.0028045,1,0.274,0.274,0.5,0
0.2901,0.28969,-0.0029184,1,0.275,0.275,0.5,0
0.30103,0.30061,-0.0030324,1,0.276,0.276,0.5,0
0.31197,0.31154,-0.0031463,1,0.277,0.277,0.5,0
0.32291,0.32246,-0.0032603,1,0.278,0.278,0.5,0
0.33385,0.33339,-0.0033742,1,0.279,0.279,0.5,0
0.34479,0.34431,-0.0034882,1,0.28,0.28,0.5,0
0.35483,0.35434,-0.0035982,1,0.281,0.281,0.5,0
0.36487,0.36437,-0.0037083,1,0.282,0.282,0.5,0
0.37492,0.3744,-0.0038183,1,0.283,0.283,0.5,0
0.38496,0.38443,-0.0039284,1,0.284,0.284,0.5,0
0.395,0.39446,-0.0040384,1,0.285,0.285,0.5,0
0.40505,0.4045,-0.0041485,1,0.286,0.286,0.5,0
0.41509,0.41453,-0.0042586,1,0.287,0.287,0.5,0
0.42513,0.42456,-0.0043686,1,0.288,0.288,0.5,0
0.43518,0.43459,-0.0044787,1,0.289,0.289,0.5,0
0.44522,0.44462,-0.0045887,1,0.29,0.29,0.5,0
0.45421,0.4536,-0.004694,1,0.291,0.291,0.5,0
0.46321,0.46259,-0.0047993,1,0.292,0.292,0.5,0
0.4722,0.47157,-0.0049046,1,0.293,0.293,0.5,0
0.48119,0.48055,-0.0050099,1,0.294,0.294,0.5,0
0.49019,0.48954,-0.0051151,1,0.295,0.295,0.5,0
0.49918,0.49852,-0.0052204,1,0.296,0.296,0.5,0
0.50817,0.5075,-0.0053257,1,0.297,0.297,0.5,0
0.51717,0.51649,-0.005431,1,0.298,0.298,0.5,0
0.52616,0.52547,-0.0055363,1,0.299,0.299,0.5,0
0.53516,0.53446,-0.0056416,1,0.3,0.3,0.5,0
0.54303,0.54233,-0.0057415,1,0.301,0.301,0.5,0
0.55091,0.55019,-0.0058414,1,0.302,0.302,0.5,0
0.55879,0.55806,-0.0059413,1,0.303,0.303,0.5,0
0.56666,0.56593,-0.0060412,1,0.304,0.304,0.5,0
0.57454,0.5738,-0.0061411,1,0.305,0.305,0.5,0
0.58242,0.58167,-0.0062409,1,0.306,0.306,0.5,0
0.59029,0.58954,-0.0063408,1,0.307,0.307,0.5,0
0.59817,0.59741,-0.0064407,1,0.308,0.308,0.5,0
0.60605,0.60528,-0.0065406,1,0.309,0.309,0.5,0
0.61392,0.61315,-0.0066405,1,0.31,0.31,0.5,0
0.62069,0.61991,-0.0067347,1,0.311,0.311,0.5,0
0.62745,0.62667,-0.0068288,1,0.312,0.312,0.5,0
0.63422,0.63343,-0.0069229,1,0.313,0.313,0.5,0
0.64098,0.64019,-0.007017,1,0.314,0.314,0.5,0
0.64775,0.64694,-0.0071112,1,0.315,0.315,0.5,0
0.65451,0.6537,-0.0072053,1,0.316,0.316,0.5,0
0.66128,0.66046,-0.0072994,1,0.317,0.317,0.5,0
0.66804,0.66722,-0.0073935,1,0.318,0.318,0.5,0
0.67481,0.67398,-0.0074877,1,0.319,0.319,0.5,0
0.68157,0.68074,-0.0075818,1,0.32,0.32,0.5,0
0.68729,0.68645,-0.00767,1,0.321,0.321,0.5,0
0.693,0.69216,-0.0077581,1,0.322,0.322,0.5,0
0.69872,0.69787,-0.0078463,1,0.323,0.323,0.5,0
0.70443,0.70358,-0.0079345,1,0.324,0.324,0.5,0
0.71014,0.70929,-0.0080226,1,0.325,0.325,0.5,0
0.71586,0.715,-0.0081108,1,0.326,0.326,0.5,0
0.72157,0.72071,-0.008199,1,0.327,0.327,0.5,0
0.72728,0.72642,-0.0082872,1,0.328,0.328,0.5,0
0.733,0.73213,-0.0083753,1,0.329,0.329,0.5,0
0.73871,0.73784,-0.0084635,1,0.33,0.33,0.5,0
0.74347,0.7426,-0.0085457,1,0.331,0.331,0.5,0
0.74823,0.74735,-0.0086279,1,0.332,0.332,0.5,0
0.75299,0.75211,-0.00871,1,0.333,0.333,0.5,0
0.75774,0.75686,-0.0087922,1,0.334,0.334,0.5,0
0.7625,0.76162,-0.0088744,1,0.335,0.335,0.5,0
0.76726,0.76637,-0.0089566,1,0.336,0.336,0.5,0
0.77202,0.77113,-0.0090388,1,0.337,0.337,0.5,0
0.77678,0.77589,-0.0091209,1,0.338,0.338,0.5,0
0.78153,0.78064,-0.0092031,1,0.339,0.339,0.5,0
0.78629,0.7854,-0.0092853,1,0.34,0.34,0.5,0
0.79021,0.78931,-0.0093616,1,0.341,0.341,0.5,0
0.79412,0.79322,-0.0094378,1,0.342,0.342,0.5,0
0.79804,0.79714,-0.0095141,1,0.343,0.343,0.5,0
0.80196,0.80105,-0.0095903,1,0.344,0.344,0.5,0
0.80587,0.80497,-0.0096666,1,0.345,0.345,0.5,0
0.80979,0.80888,-0.0097428,1,0.346,0.346,0.5,0
0.8137,0.8128,-0.0098191,1,0.347,0.347,0.5,0
0.81762,0.81671,-0.0098953,1,0.348,0.348,0.5,0
0.82153,0.82062,-0.0099716,1,0.349,0.349,0.5,0
0.82545,0.82454,-0.010048,1,0.35,0.35,0.5,0
0.82864,0.82773,-0.010118,1,0.351,0.351,0.5,0
0.83183,0.83092,-0.010189,1,0.352,0.352,0.5,0
0.83502,0.83411,-0.010259,1,0.353,0.353,0.5,0
0.83821,0.8373,-0.01033,1,0.354,0.354,0.5,0
0.8414,0.84049,-0.0104,1,0.355,0.355,0.5,0
0.8446,0.84368,-0.010471,1,0.356,0.356,0.5,0
0.84779,0.84687,-0.010541,1,0.357,0.357,0.5,0
0.85098,0.85006,-0.010611,1,0.358,0.358,0.5,0
0.85417,0.85325,-0.010682,1,0.359,0.359,0.5,0
0.85736,0.85644,-0.010752,1,0.36,0.36,0.5,0
0.85994,0.85902,-0.010817,1,0.361,0.361,0.5,0
0.86252,0.8616,-0.010882,1,0.362,0.362,0.5,0
0.8651,0.86418,-0.010947,1,0.363,0.363,0.5,0
0.86768,0.86676,-0.011012,1,0.364,0.364,0.5,0
0.87026,0.86933,-0.011076,1,0.365,0.365,0.5,0
0.87284,0.87191,-0.011141,1,0.366,0.366,0.5,0
0.87542,0.87449,-0.011206,1,0.367,0.367,0.5,0
0.878,0.87707,-0.011271,1,0.368,0.368,0.5,0
0.88058,0.87965,-0.011336,1,0.369,0.369,0.5,0
0.88316,0.88223,-0.011401,1,0.37,0.37,0.5,0
0.88523,0.8843,-0.01146,1,0.371,0.371,0.5,0
0.8873,0.88637,-0.011519,1,0.372,0.372,0.5,0
0.88937,0.88845,-0.011579,1,0.373,0.373,0.5,0
0.89144,0.89052,-0.011638,1,0.374,0.374,0.5,0
0.89352,0.89259,-0.011697,1,0.375,0.375,0.5,0
0.89559,0.89466,-0.011757,1,0.376,0.376,0.5,0
0.89766,0.89673,-0.011816,1,0.377,0.377,0.5,0
0.89973,0.8988,-0.011875,1,0.378,0.378,0.5,0
0.9018,0.90087,-0.011935,1,0.379,0.379,0.5,0
0.90387,0.90294,-0.011994,1,0.38,0.38,0.5,0
0.90553,0.9046,-0.012048,1,0.381,0.381,0.5,0
0.90718,0.90625,-0.012102,1,0.382,0.382,0.5,0
0.90884,0.90791,-0.012156,1,0.383,0.383,0.5,0
0.91049,0.90956,-0.01221,1,0.384,0.384,0.5,0
0.91215,0.91122,-0.012264,1,0.385,0.385,0.5,0
0.9138,0.91287,-0.012318,1,0.386,0.386,0.5,0
0.91545,0.91452,-0.012372,1,0.387,0.387,0.5,0
0.91711,0.91618,-0.012426,1,0.388,0.388,0.5,0
0.91876,0.91783,-0.01248,1,0.389,0.389,0.5,0
0.92042,0.91949,-0.012534,1,0.39,0.39,0.5,0
0.92173,0.9208,-0.012583,1,0.391,0.391,0.5,0
0.92305,0.92212,-0.012632,1,0.392,0.392,0.5,0
0.92436,0.92343,-0.012681,1,0.393,0.393,0.5,0
0.92568,0.92474,-0.01273,1,0.394,0.394,0.5,0
0.92699,0.92606,-0.012779,1,0.395,0.395,0.5,0
0.9283,0.92737,-0.012828,1,0.396,0.396,0.5,0
0.92962,0.92869,-0.012877,1,0.397,0.397,0.5,0
0.93093,0.93,-0.012926,1,0.398,0.398,0.5,0
0.93225,0.93132,-0.012975,1,0.399,0.399,0.5,0
0.93356,0.93263,-0.013023,1,0.4,0.4,0.5,0
0.9346,0.93367,-0.013067,1,0.401,0.401,0.5,0
0.93564,0.93471,-0.013111,1,0.402,0.402,0.5,0
0.93668,0.93575,-0.013155,1,0.403,0.403,0.5,0
0.93772,0.93679,-0.013199,1,0.404,0.404,0.5,0
0.93876,0.93783,-0.013243,1,0.405,0.405,0.5,0
0.9398,0.93887,-0.013287,1,0.406,0.406,0.5,0
0.94084,0.93991,-0.013331,1,0.407,0.407,0.5,0
0.94188,0.94095,-0.013375,1,0.408,0.408,0.5,0
0.94292,0.94199,-0.013419,1,0.409,0.409,0.5,0
0.94396,0.94303,-0.013462,1,0.41,0.41,0.5,0
0.94478,0.94384,-0.013501,1,0.411,0.411,0.5,0
0.94559,0.94466,-0.01354,1,0.412,0.412,0.5,0
0.94641,0.94548,-0.013579,1,0.413,0.413,0.5,0
0.94723,0.9463,-0.013618,1,0.414,0.414,0.5,0
0.94805,0.94712,-0.013657,1,0.415,0.415,0.5,0
0.94887,0.94793,-0.013696,1,0.416,0.416,0.5,0
0.94969,0.94875,-0.013735,1,0.417,0.417,0.5,0
0.9505,0.94957,-0.013774,1,0.418,0.418,0.5,0
0.95132,0.95039,-0.013813,1,0.419,0.419,0.5,0
0.95214,0.9512,-0.013852,1,0.42,0.42,0.5,0
0.95278,0.95184,-0.013887,1,0.421,0.421,0.5,0
0.95342,0.95248,-0.013921,1,0.422,0.422,0.5,0
0.95406,0.95312,-0.013955,1,0.423,0.423,0.5,0
0.9547,0.95376,-0.013989,1,0.424,0.424,0.5,0
0.95534,0.9544,-0.014023,1,0.425,0.425,0.5,0
0.95598,0.95504,-0.014058,1,0.426,0.426,0.5,0
0.95662,0.95568,-0.014092,1,0.427,0.427,0.5,0
0.95726,0.95632,-0.014126,1,0.428,0.428,0.5,0
0.9579,0.95696,-0.01416,1,0.429,0.429,0.5,0
0.95854,0.9576,-0.014194,1,0.43,0.43,0.5,0
0.95903,0.9581,-0.014224,1,0.431,0.431,0.5,0
0.95953,0.95859,-0.014254,1,0.432,0.432,0.5,0
0.96003,0.95909,-0.014283,1,0.433,0.433,0.5,0
0.96052,0.95959,-0.014313,1,0.434,0.434,0.5,0
0.96102,0.96008,-0.014342,1,0.435,0.435,0.5,0
0.96152,0.96058,-0.014372,1,0.436,0.436,0.5,0
0.96201,0.96107,-0.014401,1,0.437,0.437,0.5,0
0.96251,0.96157,-0.014431,1,0.438,0.438,0.5,0
0.963,0.96207,-0.01446,1,0.439,0.439,0.5,0
0.9635,0.96256,-0.01449,1,0.44,0.44,0.5,0
0.96388,0.96294,-0.014514,1,0.441,0.441,0.5,0
0.96426,0.96332,-0.014539,1,0.442,0.442,0.5,0
0.96464,0.9637,-0.014564,1,0.443,0.443,0.5,0
0.96502,0.96408,-0.014589,1,0.444,0.444,0.5,0
0.9654,0.96446,-0.014614,1,0.445,0.445,0.5,0
0.96578,0.96484,-0.014639,1,0.446,0.446,0.5,0
0.96616,0.96522,-0.014664,1,0.447,0.447,0.5,0
0.96654,0.9656,-0.014688,1,0.448,0.448,0.5,0
0.96692,0.96598,-0.014713,1,0.449,0.449,0.5,0
0.9673,0.96636,-0.014738,1,0.45,0.45,0.5,0
0.96759,0.96665,-0.014758,1,0.451,0.451,0.5,0
0.96787,0.96693,-0.014779,1,0.452,0.452,0.5,0
0.96816,0.96722,-0.014799,1,0.453,0.453,0.5,0
0.96844,0.9675,-0.014819,1,0.454,0.454,0.5,0
0.96873,0.96779,-0.01484,1,0.455,0.455,0.5,0
0.96901,0.96807,-0.01486,1,0.456,0.456,0.5,0
0.9693,0.96836,-0.01488,1,0.457,0.457,0.5,0
0.96958,0.96864,-0.0149,1,0.458,0.458,0.5,0
0.96987,0.96893,-0.014921,1,0.459,0.459,0.5,0
0.97015,0.96921,-0.014941,1,0.46,0.46,0.5,0
0.97036,0.96942,-0.014957,1,0.461,0.461,0.5,0
0.97057,0.96963,-0.014972,1,0.462,0.462,0.5,0
0.97077,0.96983,-0.014988,1,0.463,0.463,0.5,0
0.97098,0.97004,-0.015004,1,0.464,0.464,0.5,0
0.97119,0.97025,-0.01502,1,0.465,0.465,0.5,0
0.97139,0.97045,-0.015035,1,0.466,0.466,0.5,0
0.9716,0.97066,-0.015051,1,0.467,0.467,0.5,0
0.97181,0.97087,-0.015067,1,0.468,0.468,0.5,0
0.97201,0.97107,-0.015082,1,0.469,0.469,0.5,0
0.97222,0.97128,-0.015098,1,0.47,0.47,0.5,0
0.97236,0.97142,-0.015109,1,0.471,0.471,0.5,0
0.9725,0.97156,-0.015121,1,0.472,0.472,0.5,0
0.97264,0.9717,-0.015132,1,0.473,0.473,0.5,0
0.97278,0.97184,-0.015143,1,0.474,0.474,0.5,0
0.97292,0.97198,-0.015154,1,0.475,0.475,0.5,0
0.97306,0.97212,-0.015165,1,0.476,0.476,0.5,0
0.9732,0.97225,-0.015177,1,0.477,0.477,0.5,0
0.97334,0.97239,-0.015188,1,0.478,0.478,0.5,0
0.97348,0.97253,-0.015199,1,0.479,0.479,0.5,0
0.97362,0.97267,-0.01521,1,0.48,0.48,0.5,0
0.9737,0.97275,-0.015217,1,0.481,0.481,0.5,0
0.97378,0.97283,-0.015224,1,0.482,0.482,0.5,0
0.97386,0.97292,-0.01523,1,0.483,0.483,0.5,0
0.97394,0.973,-0.015237,1,0.484,0.484,0.5,0
0.97402,0.97308,-0.015244,1,0.485,0.485,0.5,0
0.9741,0.97316,-0.015251,1,0.486,0.486,0.5,0
0.97418,0.97324,-0.015257,1,0.487,0.487,0.5,0
0.97426,0.97332,-0.015264,1,0.488,0.488,0.5,0
0.97434,0.9734,-0.015271,1,0.489,0.489,0.5,0
0.97442,0.97348,-0.015278,1,0.49,0.49,0.5,0
0.97445,0.97351,-0.01528,1,0.491,0.491,0.5,0
0.97448,0.97353,-0.015282,1,0.492,0.492,0.5,0
0.9745,0.97356,-0.015284,1,0.493,0.493,0.5,0
0.97453,0.97358,-0.015286,1,0.494,0.494,0.5,0
0.97456,0.97361,-0.015289,1,0.495,0.495,0.5,0
0.97458,0.97364,-0.015291,1,0.496,0.496,0.5,0
0.97461,0.97366,-0.015293,1,0.497,0.497,0.5,0
0.97463,0.97369,-0.015295,1,0.498,0.498,0.5,0
0.97466,0.97372,-0.015298,1,0.499,0.499,0.5,0
0.97469,0.97374,-0.0153,1,0.5,0.5,0.5,0
0.97466,0.97372,-0.015298,1,0.501,0.501,0.5,0
0.97463,0.97369,-0.015295,1,0.502,0.502,0.5,0
0.97461,0.97366,-0.015293,1,0.503,0.503,0.5,0
0.97458,0.97364,-0.015291,1,0.504,0.504,0.5,0
0.97456,0.97361,-0.015289,1,0.505,0.505,0.5,0
0.97453,0.97358,-0.015286,1,0.506,0.506,0.5,0
0.9745,0.97356,-0.015284,1,0.507,0.507,0.5,0
0.97448,0.97353,-0.015282,1,0.508,0.508,0.5,0
0.97445,0.97351,-0.01528,1,0.509,0.509,0.5,0
0.97442,0.97348,-0.015278,1,0.51,0.51,0.5,0
0.97434,0.9734,-0.015271,1,0.511,0.511,0.5,0
0.97426,0.97332,-0.015264,1,0.512,0.512,0.5,0
0.97418,0.97324,-0.015257,1,0.513,0.513,0.5,0
0.9741,0.97316,-0.015251,1,0.514,0.514,0.5,0
0.97402,0.97308,-0.015244,1,0.515,0.515,0.5,0
0.97394,0.973,-0.015237,1,0.516,0.516,0.5,0
0.97386,0.97291,-0.01523,1,0.517,0.517,0.5,0
0.97378,0.97283,-0.015224,1,0.518,0.518,0.5,0
0.9737,0.97275,-0.015217,1,0.519,0.519,0.5,0
0.97362,0.97267,-0.01521,1,0.52,0.52,0.5,0
0.97348,0.97253,-0.015199,1,0.521,0.521,0.5,0
0.97334,0.97239,-0.015188,1,0.522,0.522,0.5,0
0.9732,0.97225,-0.015177,1,0.523,0.523,0.5,0
0.97306,0.97212,-0.015165,1,0.524,0.524,0.5,0
0.97292,0.97198,-0.015154,1,0.525,0.525,0.5,0
0.97278,0.97184,-0.015143,1,0.526,0.526,0.5,0
0.97264,0.9717,-0.015132,1,0.527,0.527,0.5,0
0.9725,0.97156,-0.015121,1,0.528,0.528,0.5,0
0.97236,0.97142,-0.015109,1,0.529,0.529,0.5,0
0.97222,0.97128,-0.015098,1,0.53,0.53,0.5,0
0.97201,0.97107,-0.015082,1,0.531,0.531,0.5,0
0.97181,0.97087,-0.015067,1,0.532,0.532,0.5,0
0.9716,0.97066,-0.015051,1,0.533,0.533,0.5,0
0.97139,0.97045,-0.015035,1,0.534,0.534,0.5,0
0.97119,0.97025,-0.01502,1,0.535,0.535,0.5,0
0.97098,0.97004,-0.015004,1,0.536,0.536,0.5,0
0.97077,0.96983,-0.014988,1,0.537,0.537,0.5,0
0.97057,0.96963,-0.014972,1,0.538,0.538,0.5,0
0.97036,0.96942,-0.014957,1,0.539,0.539,0.5,0
0.97015,0.96921,-0.014941,1,0.54,0.54,0.5,0
0.96987,0.96893,-0.014921,1,0.541,0.541,0.5,0
0.96958,0.96864,-0.0149,1,0.542,0.542,0.5,0
0.9693,0.96836,-0.01488,1,0.543,0.543,0.5,0
0.96901,0.96807,-0.01486,1,0.544,0.544,0.5,0
0.96873,0.96779,-0.01484,1,0.545,0.545,0.5,0
0.96844,0.9675,-0.014819,1,0.546,0.546,0.5,0
0.96816,0.96722,-0.014799,1,0.547,0.547,0.5,0
0.96787,0.96693,-0.014779,1,0.548,0.548,0.5,0
0.96759,0.96665,-0.014758,1,0.549,0.549,0.5,0
0.9673,0.96636,-0.014738,1,0.55,0.55,0.5,0
0.96692,0.96598,-0.014713,1,0.551,0.551,0.5,0
0.96654,0.9656,-0.014688,1,0.552,0.552,0.5,0
0.96616,0.96522,-0.014664,1,0.553,0.553,0.5,0
0.96578,0.96484,-0.014639,1,0.554,0.554,0.5,0
0.9654,0.96446,-0.014614,1,0.555,0.555,0.5,0
0.96502,0.96408,-0.014589,1,0.556,0.556,0.5,0
0.96464,0.9637,-0.014564,1,0.557,0.557,0.5,0
0.96426,0.96332,-0.014539,1,0.558,0.558,0.5,0
0.96388,0.96294,-0.014514,1,0.559,0.559,0.5,0
0.9635,0.96256,-0.01449,1,0.56,0.56,0.5,0
0.963,0.96207,-0.01446,1,0.561,0.561,0.5,0
0.96251,0.96157,-0.014431,1,0.562,0.562,0.5,0
0.96201,0.96107,-0.014401,1,0.563,0.563,0.5,0
0.96152,0.96058,-0.014372,1,0.564,0.564,0.5,0
0.96102,0.96008,-0.014342,1,0.565,0.565,0.5,0
0.96052,0.95959,-0.014313,1,0.566,0.566,0.5,0
0.96003,0.95909,-0.014283,1,0.567,0.567,0.5,0
0.95953,0.95859,-0.014254,1,0.568,0.568,0.5,0
0.95903,0.9581,-0.014224,1,0.569,0.569,0.5,0
0.95854,0.9576,-0.014194,1,0.57,0.57,0.5,0
0.9579,0.95696,-0.01416,1,0.571,0.571,0.5,0
0.95726,0.95632,-0.014126,1,0.572,0.572,0.5,0
0.95662,0.95568,-0.014092,1,0.573,0.573,0.5,0
0.95598,0.95504,-0.014058,1,0.574,0.574,0.5,0
0.95534,0.9544,-0.014023,1,0.575,0.575,0.5,0
0.9547,0.95376,-0.013989,1,0.576,0.576,0.5,0
0.95406,0.95312,-0.013955,1,0.577,0.577,0.5,0
0.95342,0.95248,-0.013921,1,0.578,0.578,0.5,0
0.95278,0.95184,-0.013887,1,0.579,0.579,0.5,0
0.95214,0.9512,-0.013852,1,0.58,0.58,0.5,0
0.95132,0.95039,-0.013813,1,0.581,0.581,0.5,0
0.9505,0.94957,-0.013774,1,0.582,0.582,0.5,0
0.94969,0.94875,-0.013735,1,0.583,0.583,0.5,0
0.94887,0.94793,-0.013696,1,0.584,0.584,0.5,0
0.94805,0.94712,-0.013657,1,0.585,0.585,0.5,0
0.94723,0.9463,-0.013618,1,0.586,0.586,0.5,0
0.94641,0.94548,-0.013579,1,0.587,0.587,0.5,0
0.94559,0.94466,-0.01354,1,0.588,0.588,0.5,0
0.94478,0.94384,-0.013501,1,0.589,0.589,0.5,0
0.94396,0.94303,-0.013462,1,0.59,0.59,0.5,0
0.94292,0.94199,-0.013419,1,0.591,0.591,0.5,0
0.94188,0.94095,-0.013375,1,0.592,0.592,0.5,0
0.94084,0.93991,-0.013331,1,0.593,0.593,0.5,0
0.9398,0.93887,-0.013287,1,0.594,0.594,0.5,0
0.93876,0.93783,-0.013243,1,0.595,0.595,0.5,0
0.93772,0.93679,-0.013199,1,0.596,0.596,0.5,0
0.93668,0.93575,-0.013155,1,0.597,0.597,0.5,0
0.93564,0.93471,-0.013111,1,0.598,0.598,0.5,0
0.9346,0.93367,-0.013067,1,0.599,0.599,0.5,0
0.93356,0.93263,-0.013023,1,0.6,0.6,0.5,0
0.93225,0.93132,-0.012975,1,0.601,0.601,0.5,0
0.93093,0.93,-0.012926,1,0.602,0.602,0.5,0
0.92962,0.92869,-0.012877,1,0.603,0.603,0.5,0
0.92831,0.92737,-0.012828,1,0.604,0.604,0.5,0
0.92699,0.92606,-0.012779,1,0.605,0.605,0.5,0
0.92568,0.92474,-0.01273,1,0.606,0.606,0.5,0
0.92436,0.92343,-0.012681,1,0.607,0.607,0.5,0
0.92305,0.92212,-0.012632,1,0.608,0.608,0.5,0
0.92173,0.9208,-0.012583,1,0.609,0.609,0.5,0
0.92042,0.91949,-0.012534,1,0.61,0.61,0.5,0
0.91876,0.91783,-0.01248,1,0.611,0.611,0.5,0
0.91711,0.91618,-0.012426,1,0.612,0.612,0.5,0
0.91545,0.91452,-0.012372,1,0.613,0.613,0.5,0
0.9138,0.91287,-0.012318,1,0.614,0.614,0.5,0
0.91215,0.91122,-0.012264,1,0.615,0.615,0.5,0
0.91049,0.90956,-0.01221,1,0.616,0.616,0.5,0
0.90884,0.90791,-0.012156,1,0.617,0.617,0.5,0
0.90718,0.90625,-0.012102,1,0.618,0.618,0.5,0
0.90553,0.9046,-0.012048,1,0.619,0.619,0.5,0
0.90387,0.90294,-0.011994,1,0.62,0.62,0.5,0
0.9018,0.90087,-0.011935,1,0.621,0.621,0.5,0
0.89973,0.8988,-0.011875,1,0.622,0.622,0.5,0
0.89766,0.89673,-0.011816,1,0.623,0.623,0.5,0
0.89559,0.89466,-0.011757,1,0.624,0.624,0.5,0
0.89352,0.89259,-0.011697,1,0.625,0.625,0.5,0
0.89144,0.89052,-0.011638,1,0.626,0.626,0.5,0
0.88937,0.88845,-0.011579,1,0.627,0.627,0.5,0
0.8873,0.88637,-0.011519,1,0.628,0.628,0.5,0
0.88523,0.8843,-0.01146,1,0.629,0.629,0.5,0
0.88316,0.88223,-0.011401,1,0.63,0.63,0.5,0
0.88058,0.87965,-0.011336,1,0.631,0.631,0.5,0
0.878,0.87707,-0.011271,1,0.632,0.632,0.5,0
0.87542,0.87449,-0.011206,1,0.633,0.633,0.5,0
0.87284,0.87191,-0.011141,1,0.634,0.634,0.5,0
0.87026,0.86933,-0.011076,1,0.635,0.635,0.5,0
0.86768,0.86676,-0.011012,1,0.636,0.636,0.5,0
0.8651,0.86418,-0.010947,1,0.637,0.637,0.5,0
0.86252,0.8616,-0.010882,1,0.638,0.638,0.5,0
0.85994,0.85902,-0.010817,1,0.639,0.639,0.5,0
0.85736,0.85644,-0.010752,1,0.64,0.64,0.5,0
0.85417,0.85325,-0.010682,1,0.641,0.641,0.5,0
0.85098,0.85006,-0.010611,1,0.642,0.642,0.5,0
0.84779,0.84687,-0.010541,1,0.643,0.643,0.5,0
0.8446,0.84368,-0.010471,1,0.644,0.644,0.5,0
0.8414,0.84049,-0.0104,1,0.645,0.645,0.5,0
0.83821,0.8373,-0.01033,1,0.646,0.646,0.5,0
0.83502,0.83411,-0.010259,1,0.647,0.647,0.5,0
0.83183,0.83092,-0.010189,1,0.648,0.648,0.5,0
0.82864,0.82773,-0.010118,1,0.649,0.649,0.5,0
0.82545,0.82454,-0.010048,1,0.65,0.65,0.5,0
0.82153,0.82062,-0.0099716,1,0.651,0.651,0.5,0
0.81762,0.81671,-0.0098953,1,0.652,0.652,0.5,0
0.8137,0.8128,-0.0098191,1,0.653,0.653,0.5,0
0.80979,0.80888,-0.0097428,1,0.654,0.654,0.5,0
0.80587,0.80497,-0.0096666,1,0.655,0.655,0.5,0
0.80196,0.80105,-0.0095903,1,0.656,0.656,0.5,0
0.79804,0.79714,-0.0095141,1,0.657,0.657,0.5,0
0.79412,0.79322,-0.0094378,1,0.658,0.658,0.5,0
0.79021,0.78931,-0.0093616,1,0.659,0.659,0.5,0
0.78629,0.7854,-0.0092853,1,0.66,0.66,0.5,0
0.78153,0.78064,-0.0092031,1,0.661,0.661,0.5,0
0.77678,0.77589,-0.0091209,1,0.662,0.662,0.5,0
0.77202,0.77113,-0.0090388,1,0.663,0.663,0.5,0
0.76726,0.76638,-0.0089566,1,0.664,0.664,0.5,0
0.7625,0.76162,-0.0088744,1,0.665,0.665,0.5,0
0.75774,0.75686,-0.0087922,1,0.666,0.666,0.5,0
0.75299,0.75211,-0.00871,1,0.667,0.667,0.5,0
0.74823,0.74735,-0.0086279,1,0.668,0.668,0.5,0
0.74347,0.7426,-0.0085457,1,0.669,0.669,0.5,0
0.73871,0.73784,-0.0084635,1,0.67,0.67,0.5,0
0.733,0.73213,-0.0083753,1,0.671,0.671,0.5,0
0.72728,0.72642,-0.0082872,1,0.672,0.672,0.5,0
0.72157,0.72071,-0.008199,1,0.673,0.673,0.5,0
0.71586,0.715,-0.0081108,1,0.674,0.674,0.5,0
0.71014,0.70929,-0.0080226,1,0.675,0.675,0.5,0
0.70443,0.70358,-0.0079345,1,0.676,0.676,0.5,0
0.69872,0.69787,-0.0078463,1,0.677,0.677,0.5,0
0.693,0.69216,-0.0077581,1,0.678,0.678,0.5,0
0.68729,0.68645,-0.00767,1,0.679,0.679,0.5,0
0.68157,0.68074,-0.0075818,1,0.68,0.68,0.5,0
0.67481,0.67398,-0.0074877,1,0.681,0.681,0.5,0
0.66804,0.66722,-0.0073935,1,0.682,0.682,0.5,0
0.66128,0.66046,-0.0072994,1,0.683,0.683,0.5,0
0.65451,0.6537,-0.0072053,1,0.684,0.684,0.5,0
0.64775,0.64694,-0.0071112,1,0.685,0.685,0.5,0
0.64098,0.64019,-0.007017,1,0.686,0.686,0.5,0
0.63422,0.63343,-0.0069229,1,0.687,0.687,0.5,0
0.62745,0.62667,-0.0068288,1,0.688,0.688,0.5,0
0.62069,0.61991,-0.0067347,1,0.689,0.689,0.5,0
0.61392,0.61315,-0.0066405,1,0.69,0.69,0.5,0
0.60605,0.60528,-0.0065406,1,0.691,0.691,0.5,0
0.59817,0.59741,-0.0064407,1,0.692,0.692,0.5,0
0.59029,0.58954,-0.0063408,1,0.693,0.693,0.5,0
0.58242,0.58167,-0.0062409,1,0.694,0.694,0.5,0
0.57454,0.5738,-0.0061411,1,0.695,0.695,0.5,0
0.56666,0.56593,-0.0060412,1,0.696,0.696,0.5,0
0.55879,0.55806,-0.0059413,1,0.697,0.697,0.5,0
0.55091,0.55019,-0.0058414,1,0.698,0.698,0.5,0
0.54303,0.54233,-0.0057415,1,0.699,0.699,0.5,0
0.53516,0.53446,-0.0056416,1,0.7,0.7,0.5,0
0.52616,0.52547,-0.0055363,1,0.701,0.701,0.5,0
0.51717,0.51649,-0.005431,1,0.702,0.702,0.5,0
0.50817,0.5075,-0.0053257,1,0.703,0.703,0.5,0
0.49918,0.49852,-0.0052204,1,0.704,0.704,0.5,0
0.49019,0.48954,-0.0051152,1,0.705,0.705,0.5,0
0.48119,0.48055,-0.0050099,1,0.706,0.706,0.5,0
0.4722,0.47157,-0.0049046,1,0.707,0.707,0.5,0
0.46321,0.46259,-0.0047993,1,0.708,0.708,0.5,0
0.45421,0.4536,-0.004694,1,0.709,0.709,0.5,0
0.44522,0.44462,-0.0045887,1,0.71,0.71,0.5,0
0.43517,0.43459,-0.0044787,1,0.711,0.711,0.5,0
0.42513,0.42456,-0.0043686,1,0.712,0.712,0.5,0
0.41509,0.41453,-0.0042586,1,0.713,0.713,0.5,0
0.40505,0.4045,-0.0041485,1,0.714,0.714,0.5,0
0.395,0.39446,-0.0040384,1,0.715,0.715,0.5,0
0.38496,0.38443,-0.0039284,1,0.716,0.716,0.5,0
0.37492,0.3744,-0.0038183,1,0.717,0.717,0.5,0
0.36488,0.36437,-0.0037083,1,0.718,0.718,0.5,0
0.35483,0.35434,-0.0035982,1,0.719,0.719,0.5,0
0.34479,0.34431,-0.0034882,1,0.72,0.72,0.5,0
0.33385,0.33339,-0.0033742,1,0.721,0.721,0.5,0
0.32291,0.32246,-0.0032603,1,0.722,0.722,0.5,0
0.31197,0.31154,-0.0031463,1,0.723,0.723,0.5,0
0.30103,0.30062,-0.0030324,1,0.724,0.724,0.5,0
0.2901,0.28969,-0.0029184,1,0.725,0.725,0.5,0
0.27916,0.27877,-0.0028045,1,0.726,0.726,0.5,0
0.26822,0.26784,-0.0026905,1,0.727,0.727,0.5,0
0.25728,0.25692,-0.0025766,1,0.728,0.728,0.5,0
0.24634,0.24599,-0.0024626,1,0.729,0.729,0.5,0
0.2354,0.23507,-0.0023487,1,0.73,0.73,0.5,0
0.22381,0.22349,-0.002232,1,0.731,0.731,0.5,0
0.21221,0.21191,-0.0021152,1,0.732,0.732,0.5,0
0.20061,0.20033,-0.0019985,1,0.733,0.733,0.5,0
0.18902,0.18875,-0.0018818,1,0.734,0.734,0.5,0
0.17742,0.17717,-0.0017651,1,0.735,0.735,0.5,0
0.16583,0.16559,-0.0016484,1,0.736,0.736,0.5,0
0.15423,0.15401,-0.0015317,1,0.737,0.737,0.5,0
0.14263,0.14243,-0.001415,1,0.738,0.738,0.5,0
0.13104,0.13085,-0.0012982,1,0.739,0.739,0.5,0
0.11944,0.11927,-0.0011815,1,0.74,0.74,0.5,0
0.1075,0.10734,-0.0010634,1,0.741,0.741,0.5,0
0.095554,0.095418,-0.00094522,1,0.742,0.742,0.5,0
0.08361,0.083491,-0.00082707,1,0.743,0.743,0.5,0
0.071665,0.071563,-0.00070891,1,0.744,0.744,0.5,0
0.059721,0.059636,-0.00059076,1,0.745,0.745,0.5,0
0.047777,0.047709,-0.00047261,1,0.746,0.746,0.5,0
0.035833,0.035782,-0.00035446,1,0.747,0.747,0.5,0
0.023888,0.023854,-0.0002363,1,0.748,0.748,0.5,0
0.011944,0.011927,-0.00011815,1,0.749,0.749,0.5,0
0,0,3.6234e-09,1,0.75,0.75,0.5,0
-0.011944,-0.011927,0.00011815,1,0.751,0.751,0.5,0
-0.023888,-0.023854,0.00023631,1,0.752,0.752,0.5,0
-0.035833,-0.035782,0.00035446,1,0.753,0.753,0.5,0
-0.047777,-0.047709,0.00047262,1,0.754,0.754,0.5,0
-0.059721,-0.059636,0.00059077,1,0.755,0.755,0.5,0
-0.071665,-0.071563,0.00070892,1,0.756,0.756,0.5,0
-0.08361,-0.083491,0.00082708,1,0.757,0.757,0.5,0
-0.095554,-0.095418,0.00094523,1,0.758,0.758,0.5,0
-0.1075,-0.10734,0.0010634,1,0.759,0.759,0.5,0
-0.11944,-0.11927,0.0011815,1,0.76,0.76,0.5,0
-0.13104,-0.13085,0.0012982,1,0.761,0.761,0.5,0
-0.14263,-0.14243,0.001415,1,0.762,0.762,0.5,0
-0.15423,-0.15401,0.0015317,1,0.763,0.763,0.5,0
-0.16583,-0.16559,0.0016484,1,0.764,0.764,0.5,0
-0.17742,-0.17717,0.0017651,1,0.765,0.765,0.5,0
-0.18902,-0.18875,0.0018818,1,0.766,0.766,0.5,0
-0.20061,-0.20033,0.0019985,1,0.767,0.767,0.5,0
-0.21221,-0.21191,0.0021152,1,0.768,0.768,0.5,0
-0.22381,-0.22349,0.002232,1,0.769,0.769,0.5,0
-0.2354,-0.23507,0.0023487,1,0.77,0.77,0.5,0
-0.24634,-0.24599,0.0024626,1,0.771,0.771,0.5,0
-0.25728,-0.25692,0.0025766,1,0.772,0.772,0.5,0
-0.26822,-0.26784,0.0026905,1,0.773,0.773,0.5,0
-0.27916,-0.27877,0.0028045,1,0.774,0.774,0.5,0
-0.2901,-0.28969,0.0029184,1,0.775,0.775,0.5,0
-0.30103,-0.30062,0.0030324,1,0.776,0.776,0.5,0
-0.31197,-0.31154,0.0031463,1,0.777,0.777,0.5,0
-0.32291,-0.32246,0.0032603,1,0.778,0.778,0.5,0
-0.33385,-0.33339,0.0033742,1,0.779,0.779,0.5,0
-0.34479,-0.34431,0.0034882,1,0.78,0.78,0.5,0
-0.35483,-0.35434,0.0035982,1,0.781,0.781,0.5,0
-0.36488,-0.36437,0.0037083,1,0.782,0.782,0.5,0
-0.37492,-0.3744,0.0038183,1,0.783,0.783,0.5,0
-0.38496,-0.38443,0.0039284,1,0.784,0.784,0.5,0
-0.395,-0.39446,0.0040384,1,0.785,0.785,0.5,0
-0.40505,-0.4045,0.0041485,1,0.786,0.786,0.5,0
-0.41509,-0.41453,0.0042586,1,0.787,0.787,0.5,0
-0.42513,-0.42456,0.0043686,1,0.788,0.788,0.5,0
-0.43517,-0.43459,0.0044787,1,0.789,0.789,0.5,0
-0.44522,-0.44462,0.0045887,1,0.79,0.79,0.5,0
-0.45421,-0.4536,0.004694,1,0.791,0.791,0.5,0
-0.46321,-0.46259,0.0047993,1,0.792,0.792,0.5,0
-0.4722,-0.47157,0.0049046,1,0.793,0.793,0.5,0
-0.48119,-0.48055,0.0050099,1,0.794,0.794,0.5,0
-0.49019,-0.48954,0.0051151,1,0.795,0.795,0.5,0
-0.49918,-0.49852,0.0052204,1,0.796,0.796,0.5,0
-0.50817,-0.5075,0.0053257,1,0.797,0.797,0.5,0
-0.51717,-0.51649,0.005431,1,0.798,0.798,0.5,0
-0.52616,-0.52547,0.0055363,1,0.799,0.799,0.5,0
-0.53516,-0.53446,0.0056416,1,0.8,0.8,0.5,0
-0.54303,-0.54233,0.0057415,1,0.801,0.801,0.5,0
-0.55091,-0.55019,0.0058414,1,0.802,0.802,0.5,0
-0.55879,-0.55806,0.0059413,1,0.803,0.803,0.5,0
-0.56666,-0.56593,0.0060412,1,0.804,0.804,0.5,0
-0.57454,-0.5738,0.0061411,1,0.805,0.805,0.5,0
-0.58242,-0.58167,0.0062409,1,0.806,0.806,0.5,0
-0.59029,-0.58954,0.0063408,1,0.807,0.807,0.5,0
-0.59817,-0.59741,0.0064407,1,0.808,0.808,0.5,0
-0.60605,-0.60528,0.0065406,1,0.809,0.809,0.5,0
-0.61392,-0.61315,0.0066405,1,0.81,0.81,0.5,0
-0.62069,-0.61991,0.0067347,1,0.811,0.811,0.5,0
-0.62745,-0.62667,0.0068288,1,0.812,0.812,0.5,0
-0.63422,-0.63343,0.0069229,1,0.813,0.813,0.5,0
-0.64098,-0.64019,0.007017,1,0.814,0.814,0.5,0
-0.64775,-0.64694,0.0071112,1,0.815,0.815,0.5,0
-0.65451,-0.6537,0.0072053,1,0.816,0.816,0.5,0
-0.66128,-0.66046,0.0072994,1,0.817,0.817,0.5,0
-0.66804,-0.66722,0.0073935,1,0.818,0.818,0.5,0
-0.67481,-0.67398,0.0074877,1,0.819,0.819,0.5,0
-0.68157,-0.68074,0.0075818,1,0.82,0.82,0.5,0
-0.68729,-0.68645,0.00767,1,0.821,0.821,0.5,0
-0.693,-0.69216,0.0077581,1,0.822,0.822,0.5,0
-0.69872,-0.69787,0.0078463,1,0.823,0.823,0.5,0
-0.70443,-0.70358,0.0079345,1,0.824,0.824,0.5,0
-0.71014,-0.70929,0.0080226,1,0.825,0.825,0.5,0
-0.71586,-0.715,0.0081108,1,0.826,0.826,0.5,0
-0.72157,-0.72071,0.008199,1,0.827,0.827,0.5,0
-0.72728,-0.72642,0.0082872,1,0.828,0.828,0.5,0
-0.733,-0.73213,0.0083753,1,0.829,0.829,0.5,0
-0.73871,-0.73784,0.0084635,1,0.83,0.83,0.5,0
-0.74347,-0.7426,0.0085457,1,0.831,0.831,0.5,0
-0.74823,-0.74735,0.0086279,1,0.832,0.832,0.5,0
-0.75299,-0.75211,0.00871,1,0.833,0.833,0.5,0
-0.75774,-0.75686,0.0087922,1,0.834,0.834,0.5,0
-0.7625,-0.76162,0.0088744,1,0.835,0.835,0.5,0
-0.76726,-0.76638,0.0089566,1,0.836,0.836,0.5,0
-0.77202,-0.77113,0.0090388,1,0.837,0.837,0.5,0
-0.77678,-0.77589,0.0091209,1,0.838,0.838,0.5,0
-0.78153,-0.78064,0.0092031,1,0.839,0.839,0.5,0
-0.78629,-0.7854,0.0092853,1,0.84,0.84,0.5,0
-0.79021,-0.78931,0.0093616,1,0.841,0.841,0.5,0
-0.79412,-0.79322,0.0094378,1,0.842,0.842,0.5,0
-0.79804,-0.79714,0.0095141,1,0.843,0.843,0.5,0
-0.80196,-0.80105,0.0095903,1,0.844,0.844,0.5,0
-0.80587,-0.80497,0.0096666,1,0.845,0.845,0.5,0
-0.80979,-0.80888,0.0097428,1,0.846,0.846,0.5,0
-0.8137,-0.8128,0.0098191,1,0.847,0.847,0.5,0
-0.81762,-0.81671,0.0098953,1,0.848,0.848,0.5,0
-0.82153,-0.82062,0.0099716,1,0.849,0.849,0.5,0
-0.82545,-0.82454,0.010048,1,0.85,0.85,0.5,0
-0.82864,-0.82773,0.010118,1,0.851,0.851,0.5,0
-0.83183,-0.83092,0.010189,1,0.852,0.852,0.5,0
-0.83502,-0.83411,0.010259,1,0.853,0.853,0.5,0
-0.83821,-0.8373,0.01033,1,0.854,0.854,0.5,0
-0.8414,-0.84049,0.0104,1,0.855,0.855,0.5,0
-0.8446,-0.84368,0.010471,1,0.856,0.856,0.5,0
-0.84779,-0.84687,0.010541,1,0.857,0.857,0.5,0
-0.85098,-0.85006,0.010611,1,0.858,0.858,0.5,0
-0.85417,-0.85325,0.010682,1,0.859,0.859,0.5,0
-0.85736,-0.85644,0.010752,1,0.86,0.86,0.5,0
-0.85994,-0.85902,0.010817,1,0.861,0.861,0.5,0
-0.86252,-0.8616,0.010882,1,0.862,0.862,0.5,0
-0.8651,-0.86418,0.010947,1,0.863,0.863,0.5,0
-0.86768,-0.86676,0.011012,1,0.864,0.864,0.5,0
-0.87026,-0.86933,0.011076,1,0.865,0.865,0.5,0
-0.87284,-0.87191,0.011141,1,0.866,0.866,0.5,0
-0.87542,-0.87449,0.011206,1,0.867,0.867,0.5,0
-0.878,-0.87707,0.011271,1,0.868,0.868,0.5,0
-0.88058,-0.87965,0.011336,1,0.869,0.869,0.5,0
-0.88316,-0.88223,0.011401,1,0.87,0.87,0.5,0
-0.88523,-0.8843,0.01146,1,0.871,0.871,0.5,0
-0.8873,-0.88637,0.011519,1,0.872,0.872,0.5,0
-0.88937,-0.88845,0.011579,1,0.873,0.873,0.5,0
-0.89144,-0.89052,0.011638,1,0.874,0.874,0.5,0
-0.89352,-0.89259,0.011697,1,0.875,0.875,0.5,0
-0.89559,-0.89466,0.011757,1,0.876,0.876,0.5,0
-0.89766,-0.89673,0.011816,1,0.877,0.877,0.5,0
-0.89973,-0.8988,0.011875,1,0.878,0.878,0.5,0
-0.9018,-0.90087,0.011935,1,0.879,0.879,0.5,0
-0.90387,-0.90294,0.011994,1,0.88,0.88,0.5,0
-0.90553,-0.9046,0.012048,1,0.881,0.881,0.5,0
-0.90718,-0.90625,0.012102,1,0.882,0.882,0.5,0
-0.90884,-0.90791,0.012156,1,0.883,0.883,0.5,0
-0.91049,-0.90956,0.01221,1,0.884,0.884,0.5,0
-0.91215,-0.91122,0.012264,1,0.885,0.885,0.5,0
-0.9138,-0.91287,0.012318,1,0.886,0.886,0.5,0
-0.91545,-0.91452,0.012372,1,0.887,0.887,0.5,0
-0.91711,-0.91618,0.012426,1,0.888,0.888,0.5,0
-0.91876,-0.91783,0.01248,1,0.889,0.889,0.5,0
-0.92042,-0.91949,0.012534,1,0.89,0.89,0.5,0
-0.92173,-0.9208,0.012583,1,0.891,0.891,0.5,0
-0.92305,-0.92212,0.012632,1,0.892,0.892,0.5,0
-0.92436,-0.92343,0.012681,1,0.893,0.893,0.5,0
-0.92568,-0.92474,0.01273,1,0.894,0.894,0.5,0
-0.92699,-0.92606,0.012779,1,0.895,0.895,0.5,0
-0.92831,-0.92737,0.012828,1,0.896,0.896,0.5,0
-0.92962,-0.92869,0.012877,1,0.897,0.897,0.5,0
-0.93093,-0.93,0.012926,1,0.898,0.898,0.5,0
-0.93225,-0.93132,0.012975,1,0.899,0.899,0.5,0
-0.93356,-0.93263,0.013023,1,0.9,0.9,0.5,0
-0.9346,-0.93367,0.013067,1,0.901,0.901,0.5,0
-0.93564,-0.93471,0.013111,1,0.902,0.902,0.5,0
-0.93668,-0.93575,0.013155,1,0.903,0.903,0.5,0
-0.93772,-0.93679,0.013199,1,0.904,0.904,0.5,0
-0.93876,-0.93783,0.013243,1,0.905,0.905,0.5,0
-0.9398,-0.93887,0.013287,1,0.906,0.906,0.5,0
-0.94084,-0.93991,0.013331,1,0.907,0.907,0.5,0
-0.94188,-0.94095,0.013375,1,0.908,0.908,0.5,0
-0.94292,-0.94199,0.013418,1,0.909,0.909,0.5,0
-0.94396,-0.94303,0.013462,1,0.91,0.91,0.5,0
-0.94478,-0.94384,0.013501,1,0.911,0.911,0.5,0
-0.94559,-0.94466,0.01354,1,0.912,0.912,0.5,0
-0.94641,-0.94548,0.013579,1,0.913,0.913,0.5,0
-0.94723,-0.9463,0.013618,1,0.914,0.914,0.5,0
-0.94805,-0.94712,0.013657,1,0.915,0.915,0.5,0
-0.94887,-0.94793,0.013696,1,0.916,0.916,0.5,0
-0.94969,-0.94875,0.013735,1,0.917,0.917,0.5,0
-0.9505,-0.94957,0.013774,1,0.918,0.918,0.5,0
-0.95132,-0.95039,0.013813,1,0.919,0.919,0.5,0
-0.95214,-0.9512,0.013852,1,0.92,0.92,0.5,0
-0.95278,-0.95184,0.013887,1,0.921,0.921,0.5,0
-0.95342,-0.95248,0.013921,1,0.922,0.922,0.5,0
-0.95406,-0.95312,0.013955,1,0.923,0.923,0.5,0
-0.9547,-0.95376,0.013989,1,0.924,0.924,0.5,0
-0.95534,-0.9544,0.014023,1,0.925,0.925,0.5,0
-0.95598,-0.95504,0.014058,1,0.926,0.926,0.5,0
-0.95662,-0.95568,0.014092,1,0.927,0.927,0.5,0
-0.95726,-0.95632,0.014126,1,0.928,0.928,0.5,0
-0.9579,-0.95696,0.01416,1,0.929,0.929,0.5,0
-0.95854,-0.9576,0.014194,1,0.93,0.93,0.5,0
-0.95903,-0.9581,0.014224,1,0.931,0.931,0.5,0
-0.95953,-0.95859,0.014254,1,0.932,0.932,0.5,0
-0.96003,-0.95909,0.014283,1,0.933,0.933,0.5,0
-0.96052,-0.95959,0.014313,1,0.934,0.934,0.5,0
-0.96102,-0.96008,0.014342,1,0.935,0.935,0.5,0
-0.96152,-0.96058,0.014372,1,0.936,0.936,0.5,0
-0.96201,-0.96107,0.014401,1,0.937,0.937,0.5,0
-0.96251,-0.96157,0.014431,1,0.938,0.938,0.5,0
-0.963,-0.96207,0.01446,1,0.939,0.939,0.5,0
-0.9635,-0.96256,0.01449,1,0.94,0.94,0.5,0
-0.96388,-0.96294,0.014514,1,0.941,0.941,0.5,0
-0.96426,-0.96332,0.014539,1,0.942,0.942,0.5,0
-0.96464,-0.9637,0.014564,1,0.943,0.943,0.5,0
-0.96502,-0.96408,0.014589,1,0.944,0.944,0.5,0
-0.9654,-0.96446,0.014614,1,0.945,0.945,0.5,0
-0.96578,-0.96484,0.014639,1,0.946,0.946,0.5,0
-0.96616,-0.96522,0.014664,1,0.947,0.947,0.5,0
-0.96654,-0.9656,0.014688,1,0.948,0.948,0.5,0
-0.96692,-0.96598,0.014713,1,0.949,0.949,0.5,0
-0.9673,-0.96636,0.014738,1,0.95,0.95,0.5,0
-0.96759,-0.96665,0.014758,1,0.951,0.951,0.5,0
-0.96787,-0.96693,0.014779,1,0.952,0.952,0.5,0
-0.96816,-0.96722,0.014799,1,0.953,0.953,0.5,0
-0.96844,-0.9675,0.014819,1,0.954,0.954,0.5,0
-0.96873,-0.96779,0.01484,1,0.955,0.955,0.5,0
-0.96901,-0.96807,0.01486,1,0.956,0.956,0.5,0
-0.9693,-0.96836,0.01488,1,0.957,0.957,0.5,0
-0.96958,-0.96864,0.0149,1,0.958,0.958,0.5,0
-0.96987,-0.96893,0.014921,1,0.959,0.959,0.5,0
-0.97015,-0.96921,0.014941,1,0.96,0.96,0.5,0
-0.97036,-0.96942,0.014957,1,0.961,0.961,0.5,0
-0.97057,-0.96963,0.014972,1,0.962,0.962,0.5,0
-0.97077,-0.96983,0.014988,1,0.963,0.963,0.5,0
-0.97098,-0.97004,0.015004,1,0.964,0.964,0.5,0
-0.97119,-0.97025,0.01502,1,0.965,0.965,0.5,0
-0.97139,-0.97045,0.015035,1,0.966,0.966,0.5,0
-0.9716,-0.97066,0.015051,1,0.967,0.967,0.5,0
-0.97181,-0.97087,0.015067,1,0.968,0.968,0.5,0
-0.97201,-0.97107,0.015082,1,0.969,0.969,0.5,0
-0.97222,-0.97128,0.015098,1,0.97,0.97,0.5,0
-0.97236,-0.97142,0.015109,1,0.971,0.971,0.5,0
-0.9725,-0.97156,0.015121,1,0.972,0.972,0.5,0
-0.97264,-0.9717,0.015132,1,0.973,0.973,0.5,0
-0.97278,-0.97184,0.015143,1,0.974,0.974,0.5,0
-0.97292,-0.97198,0.015154,1,0.975,0.975,0.5,0
-0.97306,-0.97212,0.015165,1,0.976,0.976,0.5,0
-0.9732,-0.97225,0.015177,1,0.977,0.977,0.5,0
-0.97334,-0.97239,0.015188,1,0.978,0.978,0.5,0
-0.97348,-0.97253,0.015199,1,0.979,0.979,0.5,0
-0.97362,-0.97267,0.01521,1,0.98,0.98,0.5,0
-0.9737,-0.97275,0.015217,1,0.981,0.981,0.5,0
-0.97378,-0.97283,0.015224,1,0.982,0.982,0.5,0
-0.97386,-0.97291,0.01523,1,0.983,0.983,0.5,0
-0.97394,-0.973,0.015237,1,0.984,0.984,0.5,0
-0.97402,-0.97308,0.015244,1,0.985,0.985,0.5,0
-0.9741,-0.97316,0.015251,1,0.986,0.986,0.5,0
-0.97418,-0.97324,0.015257,1,0.987,0.987,0.5,0
-0.97426,-0.97332,0.015264,1,0.988,0.988,0.5,0
-0.97434,-0.9734,0.015271,1,0.989,0.989,0.5,0
-0.97442,-0.97348,0.015278,1,0.99,0.99,0.5,0
-0.97445,-0.97351,0.01528,1,0.991,0.991,0.5,0
-0.97448,-0.97353,0.015282,1,0.992,0.992,0.5,0
-0.9745,-0.97356,0.015284,1,0.993,0.993,0.5,0
-0.97453,-0.97358,0.015286,1,0.994,0.994,0.5,0
-0.97456,-0.97361,0.015289,1,0.995,0.995,0.5,0
-0.97458,-0.97364,0.015291,1,0.996,0.996,0.5,0
-0.97461,-0.97366,0.015293,1,0.997,0.997,0.5,0
-0.97463,-0.97369,0.015295,1,0.998,0.998,0.5,0
-0.97466,-0.97372,0.015298,1,0.999,0.999,0.5,0
-0.97469,-0.97374,0.0153,1,1,1,0.5,0
